,index_content,word,nature,content_type,index_word
0,1,越来越,d,pos,1
2,1,企业,n,pos,2
3,1,拒绝,v,pos,3
4,1,生,vn,pos,4
6,2,不愧,a,pos,1
8,2,双,m,pos,2
10,2,留,v,pos,3
11,2,大学,n,pos,4
12,2,前,f,pos,5
13,2,几年,m,pos,6
16,2,点名,v,pos,7
17,2,批评,v,pos,8
19,2,不知悔改,i,pos,9
20,2,知法犯法,l,pos,10
22,2,包庇,v,pos,11
23,3,师生,nr,pos,1
26,3,展示,v,pos,2
28,3,素质,n,pos,3
31,3,收,v,pos,4
39,4,正好,a,pos,1
41,4,几天,m,pos,2
46,4,嘴脸,n,pos,3
49,5,网暴,n,pos,1
50,5,撤销,v,pos,2
51,5,声明,n,pos,3
53,6,男厕所,n,pos,1
54,6,改,v,pos,2
55,6,女厕所,n,pos,3
59,6,男生,n,pos,4
60,6,发,v,pos,5
61,6,免费,vn,pos,6
62,6,纸,n,pos,7
63,6,尿布,v,pos,8
64,6,男,n,pos,9
65,6,学生,n,pos,10
66,6,处分,n,pos,11
68,6,轻易,a,pos,12
69,6,放过,v,pos,13
70,6,张薇,nr,pos,14
71,6,种种,q,pos,15
74,6,显示,v,pos,16
76,6,女,b,pos,17
77,6,尊,q,pos,18
78,6,男卑,n,pos,19
79,6,思想,n,pos,20
81,6,三观,nz,pos,21
82,6,不正,d,pos,22
85,7,想到,v,pos,1
88,7,办法,n,pos,2
90,7,男生,n,pos,3
94,7,阉,n,pos,4
101,7,男厕所,n,pos,5
103,8,支持,v,pos,1
104,9,开,v,pos,1
105,9,香槟,n,pos,2
106,10,鉴定,v,pos,1
108,10,一群,m,pos,2
109,10,小丑,nr,pos,3
110,10,蹭,v,pos,4
111,10,小丑,nr,pos,5
112,10,热度,n,pos,6
113,11,地铁,n,pos,1
114,11,污女,n,pos,2
116,11,该校,r,pos,3
117,11,头牌,n,pos,4
121,11,档级,n,pos,5
126,13,展示,v,pos,1
128,13,素质,n,pos,2
131,13,收,v,pos,3
134,14,确实,ad,pos,1
136,14,蹭,v,pos,2
137,14,热度,n,pos,3
138,14,嫌疑,v,pos,4
142,14,企业,n,pos,5
144,14,抵制,v,pos,6
147,14,事情,n,pos,7
149,14,有意思,l,pos,8
151,15,事情,n,pos,1
152,15,发出,v,pos,2
156,15,真,d,pos,3
158,15,情商,n,pos,4
161,15,弱质,n,pos,5
163,15,两样,r,pos,6
165,16,厉害,a,pos,1
167,16,抵制,v,pos,2
168,16,住,v,pos,3
171,16,节奏,n,pos,4
173,16,媒体,n,pos,5
175,16,舆论压力,n,pos,6
179,16,当事人,n,pos,7
181,16,追究,v,pos,8
182,16,选择,v,pos,9
183,16,和解,v,pos,10
184,16,情况,n,pos,11
189,16,留校察看,n,pos,12
193,16,留党察看,i,pos,13
195,16,处罚,v,pos,14
196,16,措施,n,pos,15
202,16,处罚,v,pos,16
204,16,评论,n,pos,17
205,16,区,n,pos,18
207,16,楼主,n,pos,19
208,16,所说,c,pos,20
209,16,反噬,v,pos,21
213,16,处罚,v,pos,22
214,16,措施,n,pos,23
217,16,带来,v,pos,24
218,16,影响,vn,pos,25
221,16,懂,v,pos,26
224,16,几个,m,pos,27
225,16,公司,n,pos,28
228,16,蹭,v,pos,29
229,16,热度,n,pos,30
233,16,单位,n,pos,31
239,16,处罚,v,pos,32
240,16,措施,n,pos,33
243,16,记录,n,pos,34
244,16,档案,n,pos,35
247,16,考,v,pos,36
248,16,体制,n,pos,37
250,16,条路,n,pos,38
252,16,政审,n,pos,39
257,16,断绝,v,pos,40
259,16,学校,n,pos,41
260,16,终究,d,pos,42
262,16,教书育人,n,pos,43
263,16,地方,n,pos,44
266,16,当事人,n,pos,45
268,16,和解,v,pos,46
269,16,情况,n,pos,47
274,16,做出,v,pos,48
275,16,开除,v,pos,49
276,16,学籍,n,pos,50
278,16,操作,v,pos,51
281,16,评论,n,pos,52
282,16,区,n,pos,53
284,16,无端,n,pos,54
285,16,猜测,vn,pos,55
287,16,真,d,pos,56
288,16,跳梁小丑,n,pos,57
294,17,力量,n,pos,1
296,17,支持,v,pos,2
299,17,支持,v,pos,3
301,17,希望,v,pos,4
304,17,企业,n,pos,5
305,17,参与,v,pos,6
308,18,学生,n,pos,1
310,18,斗争,vn,pos,2
312,18,校领导,n,pos,3
315,18,敢喊,v,pos,4
317,18,喊,v,pos,5
320,18,外面,f,pos,6
321,18,歧视,v,pos,7
324,19,学校,n,pos,1
325,19,实力,n,pos,2
330,19,犯,v,pos,3
335,19,帮挡,v,pos,4
338,19,快来,d,pos,5
339,19,报读,v,pos,6
342,20,学生,n,pos,1
352,21,公司,n,pos,1
356,21,招清,v,pos,2
357,21,北,ns,pos,3
358,21,毕业生,n,pos,4
362,23,注册资本,n,pos,1
363,23,参保,v,pos,2
364,23,人数,n,pos,3
366,23,年才,t,pos,4
367,23,创,v,pos,5
369,23,典型,n,pos,6
370,23,皮包公司,n,pos,7
374,24,公司,n,pos,1
375,24,没发,v,pos,2
376,24,通告,n,pos,3
380,24,事儿,n,pos,4
381,24,影响力,n,pos,5
385,24,估计,v,pos,6
389,24,公司,n,pos,7
390,24,招聘,v,pos,8
392,24,简历,v,pos,9
396,24,考量,n,pos,10
398,25,发,v,pos,1
399,25,通告,n,pos,2
400,25,少,a,pos,3
402,25,蹭,v,pos,4
403,25,热度,n,pos,5
405,25,炒作,v,pos,6
410,25,不发,v,pos,7
417,25,肯定,v,pos,8
420,25,想法,v,pos,9
421,26,评论,n,pos,1
422,26,区,n,pos,2
425,26,开洗,v,pos,3
427,26,建议,n,pos,4
429,26,央视,j,pos,5
430,26,说道,v,pos,6
431,26,说道,v,pos,7
435,27,素质,n,pos,1
437,27,学生,n,pos,2
439,27,烂透,nz,pos,3
440,28,双滋,n,pos,1
443,28,尿,n,pos,2
444,28,黄,nr,pos,3
446,28,尿糖,n,pos,4
447,28,优先,vn,pos,5
450,28,滋醒,v,pos,6
451,29,改名,v,pos,1
452,29,网暴,n,pos,2
453,29,大学,n,pos,3
456,30,蹭,v,pos,1
457,30,热度,n,pos,2
458,30,野鸡,n,pos,3
459,30,企业,n,pos,4
461,31,一堆,m,pos,1
466,31,牵扯,v,pos,2
468,31,区别对待,n,pos,3
470,31,区别对待,n,pos,4
472,31,先,n,pos,5
473,31,一句,m,pos,6
475,31,提,v,pos,7
479,31,男女,n,pos,8
480,31,例子,n,pos,9
483,31,摆,v,pos,10
488,31,真,d,pos,11
492,32,企业,n,pos,1
495,32,害怕,v,pos,2
496,32,招,v,pos,3
498,32,喜欢,v,pos,4
499,32,造谣,v,pos,5
500,32,和网,nz,pos,6
501,32,暴,n,pos,7
502,32,员工,n,pos,8
504,32,同学,n,pos,9
507,32,不用,v,pos,10
508,32,担心,v,pos,11
511,32,抵制,v,pos,12
516,32,辣鸡,n,pos,13
517,32,企业,n,pos,14
519,32,档,n,pos,15
520,32,抵制,v,pos,16
522,32,话,n,pos,17
526,32,档,n,pos,18
528,32,列为,v,pos,19
529,32,辣鸡,n,pos,20
530,32,组织,v,pos,21
531,33,看吧,n,pos,1
535,33,企业,n,pos,2
538,33,暗暗,d,pos,3
539,33,拉黑,nrt,pos,4
540,33,毕业生,n,pos,5
542,33,问,n,pos,6
545,33,刷掉,v,pos,7
550,35,招女,n,pos,1
552,35,行,v,pos,2
560,36,道德,nr,pos,1
561,36,绑架,v,pos,2
564,36,学生,n,pos,3
565,36,何其,c,pos,4
566,36,无辜,n,pos,5
568,37,张,q,pos,1
569,37,说法,v,pos,2
572,37,企业,n,pos,3
573,37,权益,n,pos,4
576,37,侵犯,v,pos,5
580,37,提前,v,pos,6
581,37,规避,v,pos,7
582,37,风险,n,pos,8
585,37,情况,n,pos,9
587,37,市面上,n,pos,10
590,37,合格,n,pos,11
591,37,产品,n,pos,12
594,37,商品,n,pos,13
598,37,下架,v,pos,14
601,37,追查,v,pos,15
602,37,生产,vn,pos,16
603,37,企业,n,pos,17
605,37,学校,n,pos,18
607,37,人渣,n,pos,19
609,37,学校,n,pos,20
611,37,架,q,pos,21
614,37,消费者,n,pos,22
616,37,买到,v,pos,23
618,37,合格,n,pos,24
620,37,学校,n,pos,25
621,37,负责,v,pos,26
624,37,消费者,n,pos,27
625,37,有权,n,pos,28
626,37,选择,v,pos,29
630,37,产品,n,pos,30
632,38,碰到,v,pos,1
633,38,此类,r,pos,2
634,38,事,n,pos,3
637,38,男,b,pos,4
641,38,开除,v,pos,5
643,38,女,b,pos,6
647,38,留校察看,n,pos,7
648,38,保护,v,pos,8
651,38,女人,n,pos,9
652,38,真幸福,nr,pos,10
655,39,男,b,pos,1
656,39,缺,v,pos,2
658,39,东厂,n,pos,3
661,39,地方,n,pos,4
667,40,真不知道,i,pos,1
669,40,张薇,nr,pos,2
671,40,何德何能,nr,pos,3
677,40,保,v,pos,4
679,40,帮,v,pos,5
681,40,说话,v,pos,6
687,40,一点,m,pos,7
688,40,事,n,pos,8
693,40,奇怪,v,pos,9
697,40,来头,v,pos,10
700,40,能耐,n,pos,11
702,40,家里,s,pos,12
703,40,非,h,pos,13
704,40,富即贵,i,pos,14
705,40,那种,r,pos,15
707,41,众所周知,i,pos,1
708,41,四学,n,pos,2
710,41,一所,m,pos,3
711,41,老牌,n,pos,4
712,41,女性,n,pos,5
713,41,学院,n,pos,6
718,41,绿毛龟,nr,pos,7
721,42,运动,vn,pos,1
722,42,机构,n,pos,2
725,43,网暴,n,pos,1
726,43,要说,c,pos,2
727,43,抑郁,a,pos,3
730,43,抑郁,a,pos,4
732,43,打败,v,pos,5
733,43,抑郁,a,pos,6
737,45,想,v,pos,1
741,45,热度,n,pos,2
742,45,蹭,v,pos,3
746,46,老哥,n,pos,1
747,46,工地,n,pos,2
748,46,上班,v,pos,3
753,46,川,j,pos,4
755,46,同学,n,pos,5
757,46,一口,m,pos,6
758,46,饭,n,pos,7
759,46,吃,v,pos,8
761,46,川,j,pos,9
763,46,同学,n,pos,10
765,46,别怕,c,pos,11
768,46,工地,n,pos,12
769,46,老哥,n,pos,13
770,46,永远,d,pos,14
772,46,川,j,pos,15
774,46,敞开大门,n,pos,16
776,47,希望,v,pos,1
777,47,行政,n,pos,2
778,47,机关,n,pos,3
779,47,带头,v,pos,4
780,47,地址,n,pos,5
784,47,毕业生,n,pos,6
785,47,考公,n,pos,7
786,48,明明,t,pos,1
788,48,鸭,ng,pos,2
789,48,脖,n,pos,3
792,49,小企业,n,pos,1
793,49,发,v,pos,2
795,49,公告,n,pos,3
798,49,企业,n,pos,4
800,49,做,v,pos,5
803,50,靠山,n,pos,1
804,50,山,n,pos,2
805,50,很大,a,pos,3
806,51,偷偷,d,pos,1
808,51,招聘,v,pos,2
810,51,行,v,pos,3
815,51,干什么,l,pos,4
817,51,违法,vn,pos,5
822,52,蹭,v,pos,1
823,52,热度,n,pos,2
825,52,请,v,pos,3
828,53,可怕,c,pos,1
830,53,川,j,pos,2
833,53,找,v,pos,3
839,53,翻,v,pos,4
841,53,公司,n,pos,5
842,53,背景,n,pos,6
846,53,攻击,v,pos,7
850,53,一丘之貉,i,pos,8
851,54,重大事件,n,pos,1
852,54,央视,j,pos,2
856,54,正确处理,n,pos,3
857,54,方法,n,pos,4
859,55,抵制,v,pos,1
862,55,实质性,n,pos,2
863,55,作用,v,pos,3
870,55,名声,n,pos,4
873,55,一点,m,pos,5
874,55,影响,vn,pos,6
876,55,当事人,n,pos,7
878,55,追究,v,pos,8
879,55,情况,n,pos,9
881,55,真,d,pos,10
883,55,难,a,pos,11
886,56,清北,ns,pos,1
888,56,复交,v,pos,2
891,56,事,n,pos,3
893,56,用人单位,n,pos,4
896,56,勉强,v,pos,5
897,56,捏着鼻子,l,pos,6
903,56,真,d,pos,7
904,56,强,a,pos,8
907,56,算,v,pos,9
910,56,文,n,pos,10
912,56,西财理,nt,pos,11
914,56,成电,n,pos,12
917,56,四川省,ns,pos,13
921,56,拔尖,v,pos,14
925,56,太,d,pos,15
929,57,仙女,n,pos,1
933,57,女鬼,n,pos,2
935,58,有个,r,pos,1
936,58,专业,n,pos,2
941,59,自欺欺人,i,pos,1
946,59,公开,ad,pos,2
951,59,厂里,n,pos,3
953,59,几份,m,pos,4
954,59,简历,v,pos,5
956,59,总要,c,pos,6
958,59,理由,n,pos,7
959,59,淘汰,v,pos,8
963,59,出名,v,pos,9
968,59,撞,v,pos,10
969,59,枪口上,n,pos,11
970,60,大厂,n,pos,1
971,60,不好意思,a,pos,2
973,60,影响,vn,pos,3
974,60,不好,d,pos,4
977,60,这事,r,pos,5
979,60,公司,n,pos,6
980,60,侮辱,v,pos,7
983,60,公司,n,pos,8
987,60,晒,v,pos,9
988,60,掉,v,pos,10
992,60,面子,n,pos,11
993,60,招,v,pos,12
997,60,大部分,m,pos,13
999,60,受,v,pos,14
1000,60,影响,vn,pos,15
1001,61,四川人,nz,pos,1
1004,62,家,q,pos,1
1006,62,不用,v,pos,2
1011,62,豆瓣,n,pos,3
1012,62,微博小,j,pos,4
1013,62,红书,n,pos,5
1014,62,百万,m,pos,6
1015,62,大军,n,pos,7
1016,62,冲垮,v,pos,8
1020,63,招女,n,pos,1
1022,63,性,n,pos,2
1023,64,鉿,g,pos,1
1026,64,壹,m,pos,2
1027,64,钱庄,nr,pos,3
1028,64,夸夫雷,nrt,pos,4
1029,64,入网,v,pos,5
1030,64,许可证,nr,pos,6
1031,65,渗透,v,pos,1
1035,66,水军,n,pos,1
1037,66,热度,n,pos,2
1038,66,罢,v,pos,3
1041,67,当元,t,pos,1
1045,67,计较,v,pos,2
1053,67,层,q,pos,3
1054,67,身份,n,pos,4
1058,67,敌人,n,pos,5
1063,68,反噬,v,pos,1
1065,68,炒作,v,pos,2
1066,69,学历,n,pos,1
1067,69,越,d,pos,2
1068,69,高,a,pos,3
1070,69,败类,n,pos,4
1071,69,越多,d,pos,5
1076,70,蹭,v,pos,1
1077,70,热度,n,pos,2
1079,70,公司,n,pos,3
1082,71,记住,v,pos,1
1084,71,垃圾,n,pos,2
1085,71,学校,n,pos,3
1087,71,四学,n,pos,4
1089,72,我家,r,pos,1
1090,72,对面,n,pos,2
1091,72,龙凤呈祥,nr,pos,3
1092,72,包子,n,pos,4
1093,72,集团,n,pos,5
1094,72,有限公司,n,pos,6
1095,72,董事长,n,pos,7
1096,72,昨晚,t,pos,8
1098,72,吃,v,pos,9
1099,72,包子,n,pos,10
1100,72,时,n,pos,11
1101,72,悄悄,z,pos,12
1105,72,前天,t,pos,13
1106,72,有个,r,pos,14
1107,72,简历,v,pos,15
1111,72,扔,v,pos,16
1112,72,垃圾桶,n,pos,17
1115,73,好多年,m,pos,1
1118,73,贴上标签,n,pos,2
1123,73,聚集地,n,pos,3
1126,74,中央,n,pos,1
1127,74,点名,v,pos,2
1128,74,批评,v,pos,3
1132,75,缺,v,pos,1
1135,75,缺,v,pos,2
1139,75,少,a,pos,3
1140,75,招,v,pos,4
1142,75,大学,n,pos,5
1143,75,学生,n,pos,6
1145,75,影响,vn,pos,7
1146,75,不到,v,pos,8
1147,75,公司,n,pos,9
1148,76,哈麻,nr,pos,1
1149,76,皮带,n,pos,2
1150,76,学,n,pos,3
1151,77,估计,v,pos,1
1154,77,张薇,nr,pos,2
1159,77,后台,n,pos,3
1163,77,保研,v,pos,4
1166,77,学校,n,pos,5
1169,77,包庇,v,pos,6
1172,77,查出,v,pos,7
1175,78,没用,v,pos,1
1179,78,省,n,pos,2
1180,78,省级,b,pos,3
1181,78,单位,n,pos,4
1183,78,点名,v,pos,5
1186,79,猜,v,pos,1
1189,79,企业,n,pos,2
1192,79,想,v,pos,3
1195,80,我家,r,pos,1
1196,80,招,v,pos,2
1197,80,保姆,nrt,pos,3
1199,80,拒绝,v,pos,4
1200,80,毕业生,n,pos,5
1202,81,华西,ns,pos,1
1206,81,影响,vn,pos,2
1209,81,不在乎,i,pos,3
1211,81,企业,n,pos,4
1219,81,弄低,v,pos,5
1220,81,声誉,n,pos,6
1231,82,学生,n,pos,1
1232,82,开黑,v,pos,2
1233,83,开,v,pos,1
1234,83,香槟,n,pos,2
1235,83,开,v,pos,3
1236,83,香槟,n,pos,4
1237,84,政府部门,n,pos,1
1239,84,约,d,pos,2
1240,84,谈,v,pos,3
1242,84,先,d,pos,4
1243,84,撤掉,v,pos,5
1244,84,公告,n,pos,6
1253,84,社会,n,pos,7
1254,84,带来,v,pos,8
1257,84,影响,vn,pos,9
1262,84,招不招,i,pos,10
1266,84,私下,n,pos,11
1267,84,事,n,pos,12
1269,84,低调,v,pos,13
1270,84,点,m,pos,14
1272,85,党员,n,pos,1
1273,85,欺压,v,pos,2
1274,85,网,n,pos,3
1275,85,爆,v,pos,4
1276,85,农民工,n,pos,5
1281,85,判,v,pos,6
1283,85,几年,m,pos,7
1286,85,分,v,pos,8
1287,86,发,v,pos,1
1291,86,小企业,n,pos,2
1294,86,企业,n,pos,3
1297,86,整,v,pos,4
1300,86,违法,vn,pos,5
1305,86,明面,ad,pos,6
1310,86,招,v,pos,7
1312,86,反正,d,pos,8
1313,86,报,n,pos,9
1314,86,大厂,n,pos,10
1316,86,企业,n,pos,11
1318,86,名校,n,pos,12
1319,86,学生,n,pos,13
1320,86,挺多不差,i,pos,14
1323,86,两个,m,pos,15
1326,87,大学,n,pos,1
1328,87,一点,m,pos,2
1329,87,担当,v,pos,3
1331,87,真让人,n,pos,4
1332,87,看不起,v,pos,5
1333,88,恶心,n,pos,1
1334,90,敌人,n,pos,1
1335,90,越,d,pos,2
1336,90,打越,v,pos,3
1341,91,张,nr,pos,1
1348,91,事件,n,pos,2
1351,91,发现,v,pos,3
1353,91,隐藏,v,pos,4
1357,92,蹭,v,pos,1
1358,92,热度,n,pos,2
1365,92,张某,nr,pos,3
1366,92,学,n,pos,4
1369,92,蹭,v,pos,5
1373,92,企业,n,pos,6
1374,92,蹭,v,pos,7
1377,92,跳脚,v,pos,8
1379,92,搞笑,v,pos,9
1382,93,自罚,v,pos,1
1383,93,三杯,m,pos,2
1385,93,一群,m,pos,3
1386,93,下里巴人,nrt,pos,4
1389,93,敢闹,v,pos,5
1391,93,放肆,d,pos,6
1392,94,小心,n,pos,1
1393,94,厕,ng,pos,2
1395,94,删贴,v,pos,3
1396,95,本质,n,pos,1
1399,95,内耗,n,pos,2
1403,95,打着,v,pos,3
1405,95,正义,n,pos,4
1407,95,旗号,n,pos,5
1408,95,搞,v,pos,6
1410,95,勾当,v,pos,7
1412,96,发声明,l,pos,1
1415,96,耽误,v,pos,2
1417,96,公司,n,pos,3
1421,96,和川,nr,pos,4
1423,96,同等,b,pos,5
1426,96,高校,n,pos,6
1427,96,毕业生,n,pos,7
1432,96,漏掉,v,pos,8
1433,96,川,j,pos,9
1436,96,问,n,pos,10
1440,96,综合,vn,pos,11
1441,96,评估,vn,pos,12
1445,96,适合,v,pos,13
1447,96,岗位,n,pos,14
1451,96,问,v,pos,15
1455,96,差,n,pos,16
1456,96,高校,n,pos,17
1457,96,毕业生,n,pos,18
1462,96,学校,n,pos,19
1465,96,能力,n,pos,20
1473,96,毕业,n,pos,21
1474,96,学校,n,pos,22
1475,96,差,a,pos,23
1477,96,薪资,n,pos,24
1481,96,低,a,pos,25
1484,96,用人单位,n,pos,26
1485,96,真心,d,pos,27
1486,96,不想,v,pos,28
1489,96,借口,n,pos,29
1495,97,党员,n,pos,1
1498,97,查查,v,pos,2
1499,98,闹麻,z,pos,1
1502,98,顺从,p,pos,2
1503,98,网,n,pos,3
1504,98,蛆,n,pos,4
1505,98,蹭,v,pos,5
1506,98,热度,n,pos,6
1507,98,罢,v,pos,7
1509,98,支持,v,pos,8
1510,98,川,j,pos,9
1511,98,带以,v,pos,10
1512,98,强硬态度,l,pos,11
1513,98,对抗,v,pos,12
1514,99,马楼,nr,pos,1
1516,99,前,f,pos,2
1517,99,几年,m,pos,3
1518,99,河南,ns,pos,4
1519,99,某大学,vn,pos,5
1521,99,三口,m,pos,6
1522,99,肛,n,pos,7
1524,99,事件,n,pos,8
1530,99,公司,n,pos,9
1531,99,蹭,v,pos,10
1532,99,热度,n,pos,11
1533,99,罢,v,pos,12
1535,99,过年,t,pos,13
1536,99,网上,s,pos,14
1537,99,马楼,n,pos,15
1540,99,忘,v,pos,16
1541,100,内部,f,pos,1
1542,100,全,a,pos,2
1544,100,污水,n,pos,3
1545,100,浑浊,a,pos,4
1546,100,不堪,v,pos,5
1548,101,多些,r,pos,1
1549,101,公司,n,pos,2
1550,101,发声明,l,pos,3
1551,102,雪崩,n,pos,1
1552,102,时,n,pos,2
1555,102,雪花,n,pos,3
1557,102,无辜,n,pos,4
1558,103,可喜可贺,v,pos,1
1560,103,再接再厉,i,pos,2
1562,104,选,v,pos,1
1563,104,双,m,pos,2
1565,104,留,v,pos,3
1568,104,选,v,pos,4
1570,104,不留,v,pos,5
1574,104,毛病,n,pos,6
1576,105,企业,n,pos,1
1578,105,发文,n,pos,2
1581,106,校长,n,pos,1
1583,107,想不通,l,pos,1
1584,107,张薇,nr,pos,2
1587,107,要润,n,pos,3
1590,107,学校,n,pos,4
1594,107,包庇,v,pos,5
1598,108,素质,n,pos,1
1600,108,党员,n,pos,2
1602,108,免试,vn,pos,3
1603,108,保研,v,pos,4
1605,108,事后,t,pos,5
1606,108,照旧,d,pos,6
1608,108,受,v,pos,7
1609,108,影响,vn,pos,8
1612,108,点,m,pos,9
1613,108,东西,ns,pos,10
1615,108,只能,v,pos,11
1617,108,企业,n,pos,12
1618,108,老总,nr,pos,13
1619,108,干,v,pos,14
1623,109,律师,n,pos,1
1624,109,古代,t,pos,2
1631,109,新闻,n,pos,3
1633,109,奇怪,v,pos,4
1637,110,损害,v,pos,1
1640,110,校友,n,pos,2
1642,110,对位,n,pos,3
1647,110,招,v,pos,4
1650,110,招,v,pos,5
1652,110,学校,n,pos,6
1659,110,员,zg,pos,7
1662,110,群众,n,pos,8
1663,110,走,v,pos,9
1665,110,对立面,n,pos,10
1671,110,大学,n,pos,11
1672,110,风骨,n,pos,12
1675,111,好事,n,pos,1
1676,112,搅,v,pos,1
1677,112,屎,n,pos,2
1678,112,棍,ng,pos,3
1680,112,牛,n,pos,4
1681,113,泰,j,pos,1
1682,113,酷辣,a,pos,2
1683,114,遭网,n,pos,1
1684,114,爆,v,pos,2
1685,114,只能,v,pos,3
1687,114,外界,n,pos,4
1689,114,学生,n,pos,5
1690,114,素质,n,pos,6
1691,114,低下,v,pos,7
1693,114,收,v,pos,8
1696,115,打胎,v,pos,1
1697,115,两年,m,pos,2
1699,115,鸡哥,n,pos,3
1701,115,救场,n,pos,4
1702,116,好多,m,pos,1
1703,116,公司,n,pos,2
1704,116,内部,f,pos,3
1708,116,招,v,pos,4
1709,116,大川,ns,pos,5
1710,116,毕业生,n,pos,6
1715,116,搁,v,pos,7
1716,116,那秀,nr,pos,8
1717,116,优越感,b,pos,9
1721,119,收,v,pos,1
1729,119,收有,v,pos,2
1730,119,犯罪,vn,pos,3
1731,119,史人,n,pos,4
1734,119,道理,n,pos,5
1736,120,爆,v,pos,1
1739,120,爆得,v,pos,2
1740,120,越,d,pos,3
1741,120,厉害,a,pos,4
1742,120,企业,n,pos,5
1743,120,越,d,pos,6
1744,120,讨厌,v,pos,7
1747,121,代表,n,pos,1
1749,121,公司,n,pos,2
1752,121,招,v,pos,3
1759,121,内部,f,pos,4
1760,121,通告,n,pos,5
1762,121,即可,d,pos,6
1764,122,改叫,v,pos,1
1765,122,网,n,pos,2
1766,122,曝大,v,pos,3
1769,122,开设,v,pos,4
1770,122,网,n,pos,5
1771,122,曝,v,pos,6
1772,122,专业,n,pos,7
1776,123,历史学,n,pos,1
1777,123,博士,n,pos,2
1779,123,人品问题,n,pos,3
1780,123,很大,a,pos,4
1781,124,暗拒,v,pos,1
1782,124,肯定,v,pos,2
1787,124,不想,v,pos,3
1790,124,惹麻烦,l,pos,4
1791,125,发纸,v,pos,1
1792,125,尿布,v,pos,2
1793,125,男生,n,pos,3
1794,125,处分,n,pos,4
1795,126,张薇,nr,pos,1
1797,126,网暴,n,pos,2
1798,126,诋毁,v,pos,3
1800,126,群体,n,pos,4
1803,126,警告,n,pos,5
1804,126,真,d,pos,6
1810,127,国企,j,pos,1
1813,127,接受,v,pos,2
1814,127,学生,n,pos,3
1816,128,收,v,pos,1
1820,128,素质,n,pos,2
1821,128,可见一斑,l,pos,3
1823,129,河南大学,nt,pos,1
1824,129,保研,v,pos,2
1829,130,好似,v,pos,1
1830,131,集结,v,pos,1
1831,131,号,m,pos,2
1832,131,吹起来,v,pos,3
1834,131,师生,nr,pos,4
1836,131,每人,r,pos,5
1838,131,键盘,n,pos,6
1839,132,蹭,v,pos,1
1840,132,热度,n,pos,2
1846,132,正牌,n,pos,3
1848,132,真,d,pos,4
1849,132,符合,v,pos,5
1850,132,档次,n,pos,6
1852,132,企业,n,pos,7
1854,132,不招,m,pos,8
1857,132,发函,v,pos,9
1860,132,没准儿,l,pos,10
1863,132,招聘,v,pos,11
1871,132,企业,n,pos,12
1874,132,制度,n,pos,13
1875,132,管理,vn,pos,14
1879,132,受,v,pos,15
1880,132,一件,m,pos,16
1881,132,事,n,pos,17
1882,132,影响,vn,pos,18
1884,132,工作,vn,pos,19
1885,132,制度,n,pos,20
1888,132,负责,v,pos,21
1889,132,招聘,v,pos,22
1894,132,受,v,pos,23
1895,132,不受,v,pos,24
1896,132,影响,vn,pos,25
1898,132,带不带,v,pos,26
1899,132,主观,n,pos,27
1900,132,情绪,n,pos,28
1902,132,不好,d,pos,29
1905,132,特别,d,pos,30
1910,132,企业,n,pos,31
1911,132,追求,v,pos,32
1912,132,干部,n,pos,33
1913,132,年轻化,n,pos,34
1915,132,没准儿,l,pos,35
1920,132,网上,s,pos,36
1921,132,高强度,n,pos,37
1923,132,线,n,pos,38
1926,133,企业,n,pos,1
1928,133,蹭,v,pos,2
1929,133,热度,n,pos,3
1933,133,热,a,pos,4
1934,133,搜,v,pos,5
1940,133,深入人心,i,pos,6
1941,134,川,j,pos,1
1942,134,湘,j,pos,2
1943,134,地区,n,pos,3
1946,134,司法,n,pos,4
1947,134,不公,n,pos,5
1948,134,重灾区,n,pos,6
1950,134,原因,n,pos,7
1955,134,当地人,n,pos,8
1956,134,观念,n,pos,9
1957,135,好似,v,pos,1
1958,136,大厂,n,pos,1
1961,137,年,m,pos,1
1962,137,央视,j,pos,2
1963,137,点评,v,pos,3
1966,138,垃圾,n,pos,1
1968,139,留,v,pos,1
1969,139,大学,n,pos,2
1971,140,入职,v,pos,1
1972,140,做,v,pos,2
1975,140,师,ng,pos,3
1976,140,捏,v,pos,4
1977,141,公开,ad,pos,1
1981,141,蹭,v,pos,2
1982,141,热度,n,pos,3
1987,141,公司,n,pos,4
1989,141,内部,f,pos,5
1990,141,声明,n,pos,6
1994,141,发出,v,pos,7
2001,142,学校,n,pos,1
2004,142,面向,n,pos,2
2005,142,正义,n,pos,3
2009,142,耻辱,n,pos,4
2011,143,先,d,pos,1
2013,143,公司,n,pos,2
2014,143,里,f,pos,3
2017,143,开除,v,pos,4
2019,143,再发,d,pos,5
2021,143,招,v,pos,6
2025,143,可信,v,pos,7
2026,144,工农,n,pos,1
2027,144,兄弟,n,pos,2
2029,144,辱,ng,pos,3
2031,144,国法,n,pos,4
2032,144,党纪,n,pos,5
2034,144,轻,a,pos,6
2037,144,重罚,vn,pos,7
2038,144,无以,c,pos,8
2039,144,抚慰,v,pos,9
2040,144,良善,a,pos,10
2043,144,重罚,vn,pos,11
2044,144,无以,c,pos,12
2045,144,威严,a,pos,13
2046,144,法纪,n,pos,14
2049,144,重罚,vn,pos,15
2050,144,无以,c,pos,16
2051,144,警示,v,pos,17
2052,144,后来者,n,pos,18
2054,145,家,q,pos,1
2062,145,考公,n,pos,2
2064,145,垃圾,n,pos,3
2066,145,公司,n,pos,4
2067,145,不配,v,pos,5
2068,146,说实话,l,pos,1
2071,146,公关,n,pos,2
2073,146,真辣,a,pos,3
2074,146,鸡,n,pos,4
2077,147,死,v,pos,1
2078,148,蹭,v,pos,1
2079,148,热度,n,pos,2
2080,148,罢,v,pos,3
2081,149,换,v,pos,1
2083,149,思路,n,pos,2
2086,149,川,j,pos,3
2088,149,想,v,pos,4
2092,149,拒绝,v,pos,5
2096,149,搞,v,pos,6
2097,149,歧视,v,pos,7
2100,149,外服,n,pos,8
2102,149,套,q,pos,9
2103,149,活学活用,l,pos,10
2104,150,时间,n,pos,1
2105,150,长,a,pos,2
2108,150,忘记,v,pos,3
2116,151,博主,n,pos,1
2117,151,发,v,pos,2
2118,151,反日,d,pos,3
2119,151,反,v,pos,4
2120,151,韩,nr,pos,5
2121,151,声明,n,pos,6
2126,151,没什么,l,pos,7
2132,151,态度,n,pos,8
2136,152,招,v,pos,1
2137,152,女生,n,pos,2
2141,152,男,n,pos,3
2142,152,犯事,n,pos,4
2143,152,光速,n,pos,5
2144,152,开除,v,pos,6
2146,153,小丑,nr,pos,1
2147,153,学校,n,pos,2
2150,155,素质,n,pos,1
2152,156,教育部,n,pos,1
2156,156,管管,vn,pos,2
2158,156,好像,v,pos,3
2161,156,不想,v,pos,4
2162,156,干,v,pos,5
2165,157,希望,v,pos,1
2166,157,更多,d,pos,2
2168,157,公司,n,pos,3
2169,157,小企业,n,pos,4
2171,157,蹭,v,pos,5
2172,157,热度,n,pos,6
2173,157,凑热闹,z,pos,7
2176,157,事情,n,pos,8
2177,157,搞,v,pos,9
2178,157,大点,m,pos,10
2180,158,张薇,nr,pos,1
2183,158,校长,n,pos,2
2186,158,腿,n,pos,3
2190,158,力保,nz,pos,4
2191,158,张薇,nr,pos,5
2196,159,同伙,n,pos,1
2197,160,双,m,pos,1
2199,160,留,v,pos,2
2200,161,好样,d,pos,1
2202,163,四川,ns,pos,1
2203,163,女子,n,pos,2
2204,163,大学,n,pos,3
2206,163,男生,n,pos,4
2212,163,歧视,v,pos,5
2213,164,蹭,v,pos,1
2214,164,热度,n,pos,2
2215,164,恶心,n,pos,3
2216,164,公司,n,pos,4
2219,164,学生,n,pos,5
2222,164,罪过,n,pos,6
2224,164,轮,zg,pos,7
2228,164,小丑,nr,pos,8
2229,164,发文,n,pos,9
2230,164,侮辱,v,pos,10
2232,165,倒,v,pos,1
2233,165,血霉,n,pos,2
2236,166,毕业生,n,pos,1
2239,166,川带,n,pos,2
2242,166,清华北大,nt,pos,3
2243,167,希望,v,pos,1
2244,167,处死,v,pos,2
2245,167,张薇,nr,pos,3
2247,168,想,v,pos,1
2248,168,蹭,v,pos,2
2249,168,热度,n,pos,3
2251,168,公司,n,pos,4
2252,168,蹭,v,pos,5
2254,168,热度,n,pos,6
2257,168,施加,v,pos,7
2258,168,舆论压力,n,pos,8
2260,168,学生,n,pos,9
2262,168,网暴,n,pos,10
2264,168,情绪,n,pos,11
2266,168,释放,v,pos,12
2269,168,网友,n,pos,13
2271,168,乐子,n,pos,14
2274,168,赢,v,pos,15
2276,169,不招,m,pos,1
2280,169,明,a,pos,2
2281,169,面上,f,pos,3
2282,169,真,d,pos,4
2284,169,蹭,v,pos,5
2285,169,热度,n,pos,6
2287,169,女尊,n,pos,7
2288,169,男卑,n,pos,8
2289,169,思想,n,pos,9
2292,169,企业,n,pos,10
2295,169,喜欢,v,pos,11
2296,169,招个小,j,pos,12
2297,169,仙女,n,pos,13
2300,169,男,b,pos,14
2302,169,自卑,n,pos,15
2304,169,注定,v,pos,16
2305,169,发展,vn,pos,17
2306,169,受,v,pos,18
2307,169,影响,vn,pos,19
2308,170,一群,m,pos,1
2311,170,毛钱,n,pos,2
2312,170,关系,n,pos,3
2314,170,网友,n,pos,4
2315,170,整天,m,pos,5
2316,170,担心,v,pos,6
2317,170,前途,n,pos,7
2318,171,哈人,nrt,pos,1
2320,172,猜,v,pos,1
2322,172,企业,n,pos,2
2326,172,学生,n,pos,3
2327,172,实力,n,pos,4
2328,172,招,v,pos,5
2331,172,学生,n,pos,6
2332,172,大学,n,pos,7
2333,172,热门,n,pos,8
2334,172,事件,n,pos,9
2335,172,招,v,pos,10
2337,173,有人,r,pos,1
2340,173,公司,n,pos,2
2343,173,想,v,pos,3
2352,173,面试,v,pos,4
2354,173,面试,v,pos,5
2356,173,回去,v,pos,6
2358,173,通知,v,pos,7
2360,174,制裁,n,pos,1
2362,174,企业,n,pos,2
2365,174,入用,v,pos,3
2371,175,人才,n,pos,1
2372,175,无辜,n,pos,2
2375,175,加不,v,pos,3
2377,175,乱,d,pos,4
2379,175,搞,v,pos,5
2380,175,成,n,pos,6
2383,176,公布,v,pos,1
2384,176,下校,n,pos,2
2385,176,招,n,pos,3
2389,176,企业,n,pos,4
2392,176,抵制,v,pos,5
2394,177,不在乎,i,pos,1
2396,177,受损,v,pos,2
2399,177,学生,n,pos,3
2402,177,领导,n,pos,4
2405,177,学生,n,pos,5
2407,177,领导,n,pos,6
2408,177,眼里,s,pos,7
2414,177,年,m,pos,8
2417,177,批评,v,pos,9
2422,177,没改,v,pos,10
2424,178,张,q,pos,1
2425,178,事,n,pos,2
2427,178,小事,n,pos,3
2429,178,校风,n,pos,4
2433,179,星星之火,i,pos,1
2436,179,燎原,n,pos,2
2439,180,同学,n,pos,1
2441,181,四川,ns,pos,1
2442,181,女校,n,pos,2
2444,181,名不虚传,i,pos,3
2445,183,众所周知,i,pos,1
2447,183,冰山,ns,pos,2
2448,183,露出,v,pos,3
2449,183,水面,n,pos,4
2451,183,十分之一,m,pos,5
2454,184,真,d,pos,1
2455,184,屁用,n,pos,2
2459,184,国企,j,pos,3
2460,184,央企,j,pos,4
2461,184,公检法,n,pos,5
2462,184,发表,v,pos,6
2464,184,声明,n,pos,7
2470,185,张薇,nr,pos,1
2471,185,大美女,n,pos,2
2474,185,大门,n,pos,3
2475,185,永远,d,pos,4
2478,185,敞开,v,pos,5
2483,185,接客,v,pos,6
2484,185,记得,v,pos,7
2485,185,发,v,pos,8
2487,185,视频,n,pos,9
2495,185,捧场,v,pos,10
2497,186,党籍,n,pos,1
2500,186,开除,v,pos,2
2502,186,真可笑,l,pos,3
2504,186,学校,n,pos,4
2505,186,党委,j,pos,5
2506,186,处,n,pos,6
2509,186,站,v,pos,7
2512,186,对立面,n,pos,8
2515,187,只能,v,pos,1
2518,187,一代,m,pos,2
2519,187,学生,n,pos,3
2520,187,风骨,n,pos,4
2522,187,心气,n,pos,5
2524,187,想起,v,pos,6
2525,187,当年,t,pos,7
2527,187,一批,m,pos,8
2528,187,先进,a,pos,9
2529,187,惋惜,a,pos,10
2533,188,搏,v,pos,1
2534,188,流量,n,pos,2
2539,188,确实,ad,pos,3
2540,188,辣鸡,n,pos,4
2542,188,真,d,pos,5
2543,188,性别,n,pos,6
2545,188,换,v,pos,7
2546,188,一个天,m,pos,8
2549,189,一会,m,pos,1
2550,189,厕所,n,pos,2
2551,189,大战,nz,pos,3
2553,189,一会,m,pos,4
2554,189,偷拍,v,pos,5
2556,189,一会,m,pos,6
2558,189,诬陷,v,pos,7
2560,189,偷拍,v,pos,8
2562,190,公司,n,pos,1
2566,190,招生,v,pos,2
2570,190,公司,n,pos,3
2573,190,招,v,pos,4
2574,190,河南人,n,pos,5
2576,191,只能,v,pos,1
2578,191,牵扯,v,pos,2
2579,191,较广,a,pos,3
2582,191,开话,v,pos,4
2586,191,屁股,n,pos,5
2588,191,坐不稳,v,pos,6
2590,192,更多,d,pos,1
2592,192,默默,d,pos,2
2594,192,招,v,pos,3
2595,193,搬起,v,pos,1
2596,193,石头砸,l,pos,2
2598,193,脚,n,pos,3
2599,194,读,v,pos,1
2600,194,一年,m,pos,2
2601,194,不到,v,pos,3
2602,194,研究生,n,pos,4
2605,194,大部分,m,pos,5
2606,194,时间,n,pos,6
2608,194,外面,f,pos,7
2610,194,关,v,pos,8
2611,194,屁事,n,pos,9
2613,194,纯尬,a,pos,10
2614,194,黑,n,pos,11
2616,195,公司,n,pos,1
2617,195,蹭,v,pos,2
2619,195,热度,n,pos,3
2622,195,公司,n,pos,4
2624,195,缺,v,pos,5
2628,195,简历,v,pos,6
2630,195,扔,v,pos,7
2632,195,行,v,pos,8
2633,196,活该,v,pos,1
2634,197,这人,r,pos,1
2635,197,干,v,pos,2
2637,198,年,m,pos,1
2639,198,点名,v,pos,2
2640,198,批评,v,pos,3
2642,198,有用,v,pos,4
2644,199,赠,v,pos,1
2645,199,热度,n,pos,2
2646,199,公司,n,pos,3
2647,199,估计,v,pos,4
2649,199,职工,n,pos,5
2656,199,女校,n,pos,6
2658,200,校领导,n,pos,1
2659,200,太,d,pos,2
2662,200,失望,v,pos,3
2666,200,贪腐,n,pos,4
2669,200,教育局,n,pos,5
2671,200,彻查,vn,pos,6
2673,201,双,n,pos,1
2674,201,一流,n,pos,2
2676,201,双人,n,pos,3
2677,201,犯错,v,pos,4
2681,201,留下,v,pos,5
2684,202,公开,ad,pos,1
2685,202,声明,n,pos,2
2689,202,内部,f,pos,3
2691,202,通传,vn,pos,4
2693,202,录用,v,pos,5
2697,203,若智,nr,pos,1
2705,203,企业,n,pos,2
2709,204,拉,v,pos,1
2711,204,丁真,nr,pos,2
2713,205,打个比方,l,pos,1
2716,205,条,q,pos,2
2717,205,狗,n,pos,3
2720,205,家门口,s,pos,4
2721,205,撒尿,v,pos,5
2727,205,赶走,v,pos,6
2733,205,越来越,d,pos,7
2735,205,狗,n,pos,8
2738,205,家门口,s,pos,9
2739,205,撒尿,v,pos,10
2743,205,办法,n,pos,11
2744,205,阻止,v,pos,12
2746,205,不管怎么,l,pos,13
2747,205,侮辱,v,pos,14
2751,205,办法,n,pos,15
2755,205,家,q,pos,16
2757,205,垃圾堆,n,pos,17
2759,205,大伙,n,pos,18
2761,205,乐意,n,pos,19
2762,205,看有,v,pos,20
2763,205,狗,n,pos,21
2766,205,家,q,pos,22
2767,205,撒尿,v,pos,23
2768,206,记得,v,pos,1
2769,206,几年,m,pos,2
2770,206,前,f,pos,3
2771,206,浙大,ns,pos,4
2773,206,冷处理,nr,pos,5
2776,206,事情,n,pos,6
2781,206,忘,v,pos,7
2786,206,一年,m,pos,8
2787,206,网友,n,pos,9
2789,206,换,v,pos,10
2790,206,目标,n,pos,11
2796,206,冷处理,nr,pos,12
2797,207,话,n,pos,1
2802,207,找事,v,pos,2
2805,207,找,v,pos,3
2806,207,河大,ns,pos,4
2809,207,毕业证,n,pos,5
2810,207,取消,v,pos,6
2811,208,感觉,n,pos,1
2815,208,录取,v,pos,2
2816,208,情况,n,pos,3
2822,209,尾巴,n,pos,1
2823,209,毛绒绒,nr,pos,2
2825,209,毛绒绒,nr,pos,3
2829,210,家门,n,pos,1
2830,210,严禁,v,pos,2
2831,210,毕业生,n,pos,3
2835,211,这件,mq,pos,1
2836,211,事,n,pos,2
2837,211,真,d,pos,3
2838,211,炒作,v,pos,4
2844,211,部门,n,pos,5
2846,211,真,d,pos,6
2850,211,张薇,nr,pos,7
2851,211,栽赃,vn,pos,8
2852,211,陷害,v,pos,9
2857,211,社会,n,pos,10
2861,211,事,n,pos,11
2863,211,真,d,pos,12
2865,211,过度,n,pos,13
2867,213,企业,n,pos,1
2869,213,证明,n,pos,2
2872,213,烂,v,pos,3
2874,213,差,a,pos,4
2875,213,企业,n,pos,5
2880,213,企业,n,pos,6
2882,213,收话,n,pos,7
2886,213,差,a,pos,8
2887,213,企业,n,pos,9
2889,214,下好,v,pos,1
2891,214,四川,ns,pos,2
2892,214,耙,n,pos,3
2893,214,耳朵,n,pos,4
2896,214,上海,ns,pos,5
2898,214,男人,n,pos,6
2900,214,看不起,v,pos,7
2901,215,几年,m,pos,1
2902,215,前,f,pos,2
2903,215,网上,s,pos,3
2906,215,研究生,n,pos,4
2908,215,整,v,pos,5
2909,215,六七个,m,pos,6
2910,215,友,ng,pos,7
2912,215,还给,v,pos,8
2913,215,一两个,m,pos,9
2914,215,整,v,pos,10
2915,215,堕胎,v,pos,11
2917,215,反正,d,pos,12
2921,215,开眼,v,pos,13
2923,216,张,q,pos,1
2925,216,诬陷,v,pos,2
2927,216,态度恶劣,n,pos,3
2929,216,实质,n,pos,4
2932,216,道德,nr,pos,5
2934,216,素质,n,pos,6
2937,216,留,v,pos,7
2938,216,党,n,pos,8
2939,216,察,j,pos,9
2941,216,除籍,n,pos,10
2945,216,处分,n,pos,11
2948,216,记入,v,pos,12
2949,216,档案,n,pos,13
2951,216,考,v,pos,14
2952,216,公职,n,pos,15
2956,216,政审,n,pos,16
2959,216,留校,v,pos,17
2962,216,违法,vn,pos,18
2964,216,不让,v,pos,19
2966,216,上学,n,pos,20
2968,216,大学,n,pos,21
2969,216,里,f,pos,22
2970,216,人品,n,pos,23
2973,216,大有人在,i,pos,24
2975,216,处置,v,pos,25
2976,216,算,v,pos,26
2977,216,妥当,a,pos,27
2982,216,互联网,n,pos,28
2983,216,记忆,n,pos,29
2986,216,偷拍,v,pos,30
2987,216,违反,v,pos,31
2988,216,治安,ns,pos,32
2989,216,法,j,pos,33
2998,216,关注,v,pos,34
2999,216,性别,n,pos,35
3006,217,牛杂,a,pos,1
3007,217,档,n,pos,2
3008,217,永不,d,pos,3
3009,217,招录,v,pos,4
3010,217,生,vn,pos,5
3011,218,川南,ns,pos,1
3015,219,干,v,pos,1
3018,220,蹭,v,pos,1
3019,220,热度,n,pos,2
3025,220,招,v,pos,3
3026,220,不到,v,pos,4
3028,222,留党察看,i,pos,1
3030,222,惩罚,vn,pos,2
3031,222,有用,v,pos,3
3037,223,感觉,n,pos,1
3040,223,狼,n,pos,2
3045,223,下次,t,pos,3
3046,223,女生,n,pos,4
3047,223,真,d,pos,5
3049,223,类似,v,pos,6
3050,223,损害,v,pos,7
3052,223,权益,n,pos,8
3053,223,事情,n,pos,9
3054,223,估计,v,pos,10
3062,224,反噬,v,pos,1
3070,224,蹭,v,pos,2
3071,224,热度,n,pos,3
3072,225,加大力度,ns,pos,1
3073,225,捏,v,pos,2
3074,226,川,j,pos,1
3076,226,好似,v,pos,2
3078,227,手,n,pos,1
3079,227,账号,n,pos,2
3081,227,注销,v,pos,3
3082,228,男,n,pos,1
3084,228,招,v,pos,2
3088,228,厕所,n,pos,3
3090,228,抢,v,pos,4
3093,228,体育,vn,pos,5
3094,228,生打,v,pos,6
3097,228,阿三哥,nr,pos,7
3102,228,一句,m,pos,8
3103,228,怨言,n,pos,9
3106,228,开,v,pos,10
3107,229,党籍,n,pos,1
3109,229,保留,v,pos,2
3111,229,肯定,v,pos,3
3114,229,出路,v,pos,4
3118,229,民营企业,n,pos,5
3119,229,大可不必,d,pos,6
3122,230,团结,a,pos,1
3125,231,巡视组,n,pos,1
3127,231,央视,j,pos,2
3128,231,点名,v,pos,3
3129,231,批评,v,pos,4
3130,232,搬,v,pos,1
3131,232,石头砸,l,pos,2
3133,232,脚,n,pos,3
3135,232,活该,v,pos,4
3136,233,老师,n,pos,1
3137,233,学生,n,pos,2
3138,233,蛇鼠,n,pos,3
3140,233,窝,n,pos,4
3142,233,得救,v,pos,5
3146,234,全校学生,n,pos,1
3147,234,买单,n,pos,2
3150,234,请问,v,pos,3
3152,234,转校,n,pos,4
3154,235,好似,v,pos,1
3156,235,开,v,pos,2
3157,235,香槟,n,pos,3
3159,236,堵得,v,pos,1
3160,236,住嘴,n,pos,2
3161,236,堵,v,pos,3
3162,236,不住,v,pos,4
3163,236,心,n,pos,5
3166,236,热度,n,pos,6
3167,236,影响,vn,pos,7
3170,236,一两年,m,pos,8
3174,236,够,v,pos,9
3175,236,难受,v,pos,10
3177,237,无法无天,l,pos,1
3181,237,网暴,n,pos,2
3182,238,全,a,pos,1
3183,238,社会,n,pos,2
3184,238,抵制,v,pos,3
3188,238,除名,v,pos,4
3193,240,感慨,v,pos,1
3195,240,张家,nrfg,pos,2
3199,240,表能,v,pos,3
3200,240,说动,v,pos,4
3207,240,要挟,v,pos,5
3208,240,企鹅,n,pos,6
3211,240,擦屁股,l,pos,7
3216,240,玩意儿,n,pos,8
3219,240,干,v,pos,9
3221,240,要挟,v,pos,10
3222,240,党员,n,pos,11
3223,240,事儿,n,pos,12
3226,241,真,d,pos,1
3228,241,招收,v,pos,2
3234,241,应聘,v,pos,3
3236,241,悄悄,z,pos,4
3239,241,弄掉,v,pos,5
3242,241,提醒,v,pos,6
3245,241,想,v,pos,7
3246,241,屁,n,pos,8
3247,241,吃,v,pos,9
3249,242,节奏,n,pos,1
3252,242,真,d,pos,2
3253,242,搞不懂,l,pos,3
3255,243,公司,n,pos,1
3257,243,发,v,pos,2
3258,243,公告,n,pos,3
3262,243,私下,n,pos,4
3264,243,招收,v,pos,5
3267,243,发,v,pos,6
3268,243,公告,n,pos,7
3270,243,想,v,pos,8
3271,243,吃,v,pos,9
3272,243,点,q,pos,10
3273,243,流量,n,pos,11
3274,244,太典,ns,pos,1
3280,244,一点,m,pos,2
3281,244,脑子,n,pos,3
3286,244,事,n,pos,4
3289,244,方法,n,pos,5
3291,244,低调,v,pos,6
3292,244,点,m,pos,7
3295,244,互联网,n,pos,8
3296,244,记忆,n,pos,9
3301,244,这人,r,pos,10
3304,244,轰炸,v,pos,11
3308,244,嫌事,n,pos,12
3313,245,张伟,nr,pos,1
3314,245,同学,n,pos,2
3316,245,打点,v,pos,3
3327,246,垃圾,n,pos,1
3328,246,公司,n,pos,2
3329,246,算,v,pos,3
3331,247,耻辱,n,pos,1
3335,248,年,m,pos,1
3336,248,央视,j,pos,2
3339,248,怼,g,pos,3
3341,248,脸,n,pos,4
3342,248,骂,v,pos,5
3344,248,保证,v,pos,6
3345,248,颠覆,v,pos,7
3347,248,认知,v,pos,8
3351,248,官媒,n,pos,9
3352,248,骂,v,pos,10
3355,248,地步,n,pos,11
3356,248,大学,n,pos,12
3360,249,阿猫阿狗,nr,pos,1
3363,249,碰,v,pos,2
3364,249,瓷,ng,pos,3
3368,249,好像,v,pos,4
3369,249,看得,v,pos,5
3374,250,简历,v,pos,1
3376,250,投,vn,pos,2
3378,250,垃圾场,n,pos,3
3379,250,里,f,pos,4
3380,250,留,v,pos,5
3381,251,麻烦,an,pos,1
3387,251,看着,v,pos,2
3388,251,像是,v,pos,3
3390,251,自作自受,l,pos,4
3391,251,杆子,n,pos,5
3392,251,往上爬,v,pos,6
3393,251,样子,n,pos,7
3396,251,就业,v,pos,8
3397,251,环境,n,pos,9
3398,251,纠结,v,pos,10
3404,251,复杂化,v,pos,11
3409,251,这话,r,pos,12
3410,251,立场,n,pos,13
3414,251,希望,v,pos,14
3415,251,事情,n,pos,15
3417,251,结束,v,pos,16
3420,252,处,n,pos,1
3432,252,保研,v,pos,2
3435,252,想,v,pos,3
3436,252,质量,n,pos,4
3438,253,感觉,n,pos,1
3439,253,像是,v,pos,2
3440,253,蹭,v,pos,3
3441,253,热度,n,pos,4
3443,255,答案,n,pos,1
3445,255,屁事,n,pos,2
3448,255,学校,n,pos,3
3449,255,质量,n,pos,4
3452,255,放,v,pos,5
3454,256,格局,n,pos,1
3455,256,低,a,pos,2
3459,256,拒绝,v,pos,3
3461,256,姓张,n,pos,4
3462,256,和名薇,nr,pos,5
3463,256,学生,n,pos,6
3465,257,明知,v,pos,1
3467,257,锅汤,n,pos,2
3468,257,里,f,pos,3
3470,257,老鼠屎,n,pos,4
3477,257,肯定,v,pos,5
3480,257,有人,r,pos,6
3482,257,喝汤,v,pos,7
3483,258,好好,d,pos,1
3486,258,火别,d,pos,2
3487,258,烧,v,pos,3
3489,258,身上,s,pos,4
3490,259,难,a,pos,1
3491,259,绷,v,pos,2
3492,260,乐,a,pos,1
3496,260,地图,n,pos,2
3497,260,炮,n,pos,3
3498,260,二极管,n,pos,4
3501,260,区别,n,pos,5
3503,261,发生,v,pos,1
3505,262,野鸡大学,nz,pos,1
3506,263,三观,nz,pos,1
3507,263,不正,d,pos,2
3509,263,过街老鼠,l,pos,3
3511,264,避险,v,pos,1
3518,264,招,v,pos,2
3519,264,定时炸弹,l,pos,3
3521,264,说到底,l,pos,4
3525,264,持续,vd,pos,5
3526,264,作,v,pos,6
3527,264,死,v,pos,7
3529,264,福报,nz,pos,8
3531,265,张薇,nr,pos,1
3532,265,坐地铁,i,pos,2
3534,265,人人自危,i,pos,3
3535,266,发,v,pos,1
3536,266,通告,n,pos,2
3538,266,自罚,vn,pos,3
3539,266,三杯,m,pos,4
3540,267,领导,n,pos,1
3543,267,网友,n,pos,2
3544,267,骂,v,pos,3
3546,267,学生,n,pos,4
3548,268,实力,n,pos,1
3551,268,在乎,v,pos,2
3552,268,俩,m,pos,3
3553,268,听,v,pos,4
3556,268,听,v,pos,5
3558,268,蹭,v,pos,6
3559,268,热度,n,pos,7
3560,268,公司,n,pos,8
3563,268,态度,n,pos,9
3571,271,真不,d,pos,1
3572,271,招,v,pos,2
3575,271,明,a,pos,3
3579,271,筛,v,pos,4
3580,271,简历,v,pos,5
3583,271,略过,v,pos,6
3585,272,学校,n,pos,1
3586,272,学风,n,pos,2
3587,272,确实,ad,pos,3
3588,272,屎,n,pos,4
3594,272,勇于,v,pos,5
3595,272,面对,v,pos,6
3597,272,用人,n,pos,7
3598,272,企业,n,pos,8
3601,272,学风,n,pos,9
3602,272,不良,a,pos,10
3603,272,不用,v,pos,11
3608,272,学生,n,pos,12
3610,272,搞,v,pos,13
3611,272,网,n,pos,14
3612,272,爆,v,pos,15
3617,272,社会,n,pos,16
3619,272,网民,n,pos,17
3620,272,网,n,pos,18
3621,272,爆,v,pos,19
3623,273,劈,v,pos,1
3624,273,腿,n,pos,2
3625,273,副校长,n,pos,3
3626,273,儿子,n,pos,4
3628,273,保护,v,pos,5
3633,274,拒绝,v,pos,1
3634,274,库克,nrt,pos,2
3635,274,晚宴,n,pos,3
3640,276,探,v,pos,1
3642,276,报,v,pos,2
3643,277,小企业,n,pos,1
3644,277,发声明,l,pos,2
3645,277,蹭,v,pos,3
3646,277,热度,n,pos,4
3649,277,企业,n,pos,5
3652,277,人事部,n,pos,6
3653,277,打招呼,v,pos,7
3656,277,招,v,pos,8
3658,278,招,v,pos,1
3659,278,女生,n,pos,2
3661,278,行,v,pos,3
3663,278,男生,n,pos,4
3668,279,毁掉,v,pos,1
3669,279,形象,n,pos,2
3672,279,小企业,n,pos,3
3673,280,矛盾,an,pos,1
3675,280,升级,vn,pos,2
3677,280,有没有,v,pos,3
3678,280,深层次,b,pos,4
3679,280,原因,n,pos,5
3682,281,学术,n,pos,1
3683,281,妲,g,pos,2
3690,281,学校,n,pos,3
3691,281,真,d,pos,4
3694,281,女,b,pos,5
3697,281,卧龙,ns,pos,6
3698,281,凤雏,nr,pos,7
3699,282,传媒,n,pos,1
3703,282,直播,vn,pos,2
3704,282,公司,n,pos,3
3706,283,坐等,v,pos,1
3707,283,国内,s,pos,2
3708,283,大厂,n,pos,3
3709,283,表态,n,pos,4
3715,284,能力,n,pos,1
3717,284,实力,n,pos,2
3718,284,证明,n,pos,3
3721,284,收,v,pos,4
3723,284,错误,n,pos,5
3726,284,网,n,pos,6
3727,284,爆,v,pos,7
3730,284,骂人,n,pos,8
3737,285,硬,a,pos,1
3738,285,蹭,v,pos,2
3741,286,想起,v,pos,1
3743,286,阿里,nrt,pos,2
3746,286,写,v,pos,3
3748,286,作文,n,pos,4
3749,286,新闻,n,pos,5
3752,286,大学,n,pos,6
3754,286,学生,n,pos,7
3756,286,作文,n,pos,8
3757,286,率怕,d,pos,9
3760,286,高,a,pos,10
3761,287,招,n,pos,1
3764,287,诬陷,v,pos,2
3766,287,公司员工,n,pos,3
3768,288,噬,vg,pos,1
3770,288,开,v,pos,2
3771,288,香槟,n,pos,3
3773,289,进,v,pos,1
3774,289,社团,n,pos,2
3776,289,社团,n,pos,3
3777,289,保,v,pos,4
3780,290,企业,n,pos,1
3782,290,抵制,v,pos,2
3784,290,浙大,ns,pos,3
3786,290,强奸犯,n,pos,4
3789,290,开除,v,pos,5
3790,291,规避,v,pos,1
3791,291,风险,n,pos,2
3794,292,学校,n,pos,1
3795,292,除教,nz,pos,2
3796,292,学生,n,pos,3
3797,292,网暴,n,pos,4
3798,292,辱骂,v,pos,5
3803,292,特色,n,pos,6
3805,293,张薇,nr,pos,1
3808,293,明星,nr,pos,2
3813,294,想要,v,pos,1
3815,294,麻烦,an,pos,2
3816,294,人物,n,pos,3
3821,295,事,n,pos,1
3832,296,张,q,pos,1
3833,296,小姐,nr,pos,2
3839,297,换,v,pos,1
3841,297,角度,n,pos,2
3845,297,毕业,n,pos,3
3846,297,男生,n,pos,4
3849,297,优秀,a,pos,5
3850,298,苍蝇,n,pos,1
3852,298,叮,v,pos,2
3853,298,无缝,n,pos,3
3854,298,蛋,n,pos,4
3856,299,穿,zg,pos,1
3862,299,赶紧,d,pos,2
3865,299,贴,v,pos,3
3867,299,注销,v,pos,4
3873,300,蹭,v,pos,1
3874,300,热度,n,pos,2
3876,301,网暴,n,pos,1
3881,301,收,v,pos,2
3884,302,无关大局,l,pos,1
3885,302,事情,n,pos,2
3886,303,敌人,n,pos,1
3888,303,反对,d,pos,2
3891,303,做,v,pos,3
3892,303,越对,d,pos,4
3893,304,主打,n,pos,1
3895,304,龟,ns,pos,2
3897,304,校方,n,pos,3
3898,304,冷处理,nr,pos,4
3900,304,包庇,v,pos,5
3902,304,学生,n,pos,6
3904,304,说话,v,pos,7
3911,304,公司,n,pos,8
3913,304,嘴脸,n,pos,9
3917,304,校友,n,pos,10
3919,304,说话,v,pos,11
3920,305,四学,n,pos,1
3924,305,一群,m,pos,2
3925,305,耙,n,pos,3
3926,305,耳朵,n,pos,4
3928,305,男,n,pos,5
3929,305,一个个,m,pos,6
3933,305,男,n,pos,7
3943,305,抗争,nz,pos,8
3946,305,学校,n,pos,9
3947,305,里,f,pos,10
3953,305,别说出,i,pos,11
3954,305,社会,n,pos,12
3956,305,一群,m,pos,13
3957,305,飞舞,n,pos,14
3958,305,罢,v,pos,15
3962,306,看不上,v,pos,1
3964,306,公司,n,pos,2
3969,306,网,n,pos,3
3970,306,爆,v,pos,4
3972,307,哲学系,n,pos,1
3975,307,支持,v,pos,2
3976,307,开除,v,pos,3
3977,307,张,q,pos,4
3979,307,扩散,v,pos,5
3984,307,离谱,n,pos,6
3986,308,倒霉,a,pos,1
3988,308,学生,n,pos,2
3990,309,留校,v,pos,1
3991,309,观察,v,pos,2
3992,309,真,d,pos,3
3993,309,不痛不痒,i,pos,4
3995,309,起码,n,pos,5
3996,309,记过,v,pos,6
3997,309,放,v,pos,7
3998,309,档案,n,pos,8
4002,309,办法,n,pos,9
4009,309,谴责,v,pos,10
4012,309,办法,n,pos,11
4013,310,招进,v,pos,1
4014,310,公司,n,pos,2
4016,310,两个,m,pos,3
4017,310,月,m,pos,4
4018,310,诬告,v,pos,5
4019,310,老板,n,pos,6
4026,310,公司,n,pos,7
4027,310,倒闭,v,pos,8
4029,311,律师所,n,pos,1
4030,311,蹭,v,pos,2
4031,311,流量,n,pos,3
4033,311,知法犯法,l,pos,4
4034,312,好似,v,pos,1
4036,312,有意思,l,pos,2
4038,312,党员,n,pos,3
4039,312,犯错,v,pos,4
4042,312,资本家,n,pos,5
4044,312,出面,n,pos,6
4046,312,真,d,pos,7
4047,312,魔幻,n,pos,8
4048,312,现实,n,pos,9
4049,314,做好,v,pos,1
4052,314,头,n,pos,2
4054,314,支持,v,pos,3
4061,315,公平,n,pos,1
4070,316,蹭,v,pos,1
4071,316,热度,n,pos,2
4075,316,惧,v,pos,3
4083,316,嘲讽,v,pos,4
4085,316,只能,v,pos,5
4087,316,活该,v,pos,6
4089,317,丢人,v,pos,1
4093,318,小企业,n,pos,1
4094,318,明着,v,pos,2
4096,318,招是,v,pos,3
4097,318,蹭,v,pos,4
4098,318,热度,n,pos,5
4101,318,企业,n,pos,6
4104,318,招是,v,pos,7
4108,318,招黑,v,pos,8
4110,318,招进来,l,pos,9
4112,318,网上,s,pos,10
4114,318,曝光,nz,pos,11
4116,318,得不偿失,i,pos,12
4118,319,企业,n,pos,1
4122,319,哗众取宠,i,pos,2
4123,319,蹭,v,pos,3
4124,319,热度,n,pos,4
4126,319,公司,n,pos,5
4129,319,配招,v,pos,6
4130,319,学生,n,pos,7
4134,320,新生,n,pos,1
4135,320,填志愿,v,pos,2
4136,320,报名,v,pos,3
4137,320,倒,v,pos,4
4141,320,不小,a,pos,5
4142,320,影响,vn,pos,6
4145,321,女,b,pos,1
4147,321,坐牢,v,pos,2
4155,321,男,n,pos,3
4156,321,放过,v,pos,4
4158,322,漂亮,a,pos,1
4163,322,校,ng,pos,2
4164,322,师生,nr,pos,3
4165,322,联名,v,pos,4
4169,322,开除,v,pos,5
4170,322,张,q,pos,6
4171,322,仙女,n,pos,7
4172,322,公平,n,pos,8
4173,322,公正,nr,pos,9
4174,322,处置,v,pos,10
4182,322,惩罚,vn,pos,11
4184,322,估计,v,pos,12
4186,322,学校,n,pos,13
4190,322,反噬,v,pos,14
4195,323,句,q,pos,1
4196,323,公道话,n,pos,2
4199,323,张薇,nr,pos,3
4200,323,没去,v,pos,4
4201,323,报到,v,pos,5
4207,323,双,n,pos,6
4208,323,查看,v,pos,7
4214,323,察看,v,pos,8
4215,323,期过,v,pos,9
4217,323,没事,v,pos,10
4220,323,河南大学,nt,pos,11
4221,323,纵容,n,pos,12
4222,323,造假,v,pos,13
4224,323,协助,v,pos,14
4225,323,推免,v,pos,15
4238,323,剑,n,pos,16
4239,323,斩,v,pos,17
4240,323,金朝官,nr,pos,18
4243,323,看清楚,l,pos,19
4244,323,情况,n,pos,20
4251,323,头衔,n,pos,21
4253,323,没去,v,pos,22
4254,323,报到,v,pos,23
4258,323,处罚,v,pos,24
4261,323,本科,r,pos,25
4265,323,河南大学,nt,pos,26
4267,323,审核,v,pos,27
4274,323,河南大学,nt,pos,28
4276,323,讨公道,n,pos,29
4283,323,评优,v,pos,30
4284,323,拿奖,v,pos,31
4285,323,推免,v,pos,32
4287,323,入党,n,pos,33
4291,323,一味,m,pos,34
4292,323,逮,v,pos,35
4294,323,不放,v,pos,36
4297,323,这人,r,pos,37
4299,323,没来,v,pos,38
4300,323,报到,v,pos,39
4302,323,惹,v,pos,40
4303,323,一身,m,pos,41
4304,323,骚,v,pos,42
4309,324,审核,v,pos,1
4310,324,不严,a,pos,2
4319,324,审核,v,pos,3
4320,324,材料,n,pos,4
4322,324,虚构,n,pos,5
4324,324,河南大学,nt,pos,6
4328,324,材料,n,pos,7
4329,324,质量,n,pos,8
4330,324,审核,v,pos,9
4331,324,负责,v,pos,10
4332,324,一方,m,pos,11
4335,324,盖章,nr,pos,12
4338,324,材料,n,pos,13
4339,324,负责,v,pos,14
4341,324,事,n,pos,15
4342,324,不用,v,pos,16
4343,324,再多,d,pos,17
4347,324,造假,v,pos,18
4349,324,推免,v,pos,19
4350,324,审核,v,pos,20
4353,324,河南大学,nt,pos,21
4355,324,盖章,nr,pos,22
4356,324,学校,n,pos,23
4358,324,干,v,pos,24
4360,324,吃,v,pos,25
4365,325,搞错,v,pos,1
4367,325,事情,n,pos,2
4370,325,非,d,pos,3
4371,325,学生,n,pos,4
4375,325,教职工,n,pos,5
4379,325,这件,mq,pos,6
4380,325,事,n,pos,7
4382,325,冤,v,pos,8
4386,326,事情,n,pos,1
4389,326,实情,n,pos,2
4394,326,事,n,pos,3
4397,326,回事,v,pos,4
4398,326,暂,d,pos,5
4400,326,评论,n,pos,6
4403,327,奇怪,v,pos,1
4406,327,公司,n,pos,2
4408,327,两年,m,pos,3
4411,327,招,v,pos,4
4412,327,武大,j,pos,5
4414,327,南,ns,pos,6
4417,327,东南,ns,pos,7
4419,327,港,j,pos,8
4423,327,包括,v,pos,9
4424,327,国外,s,pos,10
4425,327,慕尼黑,nr,pos,11
4426,327,大学,n,pos,12
4428,327,新加坡,ns,pos,13
4429,327,国立,b,pos,14
4437,328,挨打,v,pos,1
4439,328,立正,d,pos,2
4440,329,绝大部分,m,pos,1
4444,329,看不上,v,pos,2
4446,329,破,v,pos,3
4448,329,公司,n,pos,4
4451,329,蹭,v,pos,5
4452,329,流量,n,pos,6
4454,330,喜欢,v,pos,1
4456,330,学生,n,pos,2
4457,330,急,v,pos,3
4458,330,样子,n,pos,4
4459,331,男生,n,pos,1
4461,331,真,d,pos,2
4462,331,倒霉,a,pos,3
4463,332,华,j,pos,1
4464,332,偷,v,pos,2
4469,332,咋样,r,pos,3
4470,333,蹭,v,pos,1
4471,333,热度,n,pos,2
4472,334,四川,ns,pos,1
4473,334,男人,n,pos,2
4474,334,每种,r,pos,3
4477,335,寻思,nr,pos,1
4479,335,招聘,v,pos,2
4482,335,招聘,v,pos,3
4484,335,大部分,m,pos,4
4487,335,直说,v,pos,5
4489,336,改名,v,pos,1
4490,336,乐园,n,pos,2
4493,337,一件,m,pos,1
4494,337,事,n,pos,2
4503,337,本科,r,pos,3
4505,337,保研,v,pos,4
4506,337,作出,v,pos,5
4507,337,回应,v,pos,6
4511,337,喷,v,pos,7
4512,337,关键,n,pos,8
4516,339,教授,n,pos,1
4517,339,自杀,v,pos,2
4521,339,诬陷,v,pos,3
4522,339,民工,n,pos,4
4526,339,百年,m,pos,5
4531,341,国企,j,pos,1
4540,341,高中毕业,nr,pos,2
4543,342,咎由自取,i,pos,1
4546,342,不为过,l,pos,2
4547,343,让开,v,pos,1
4548,343,让开,v,pos,2
4550,343,过一,t,pos,3
4552,344,网暴,n,pos,1
4554,344,意义,n,pos,2
4555,345,后台,n,pos,1
4556,345,硬,a,pos,2
4558,345,联合国,nt,pos,3
4563,345,办法,n,pos,4
4567,346,前,f,pos,1
4568,346,两年,m,pos,2
4570,346,四川,ns,pos,3
4572,346,学校,n,pos,4
4574,346,老师,n,pos,5
4576,346,教授,n,pos,6
4577,346,跳楼,v,pos,7
4579,347,我家,r,pos,1
4580,347,保姆,nrt,pos,2
4584,347,招,v,pos,3
4585,348,垃圾,n,pos,1
4587,348,板上钉钉,i,pos,2
4588,349,蹭,v,pos,1
4589,349,热度,n,pos,2
4590,349,罢,v,pos,3
4591,350,正义,n,pos,1
4595,351,不愧,a,pos,1
4598,352,提议,v,pos,1
4600,352,杀死,v,pos,2
4603,352,身败名裂,i,pos,3
4608,353,明年,t,pos,1
4611,353,记得,v,pos,2
4613,353,事,n,pos,3
4615,354,别报,r,pos,1
4620,355,蹭,v,pos,1
4621,355,热度,n,pos,2
4623,356,公司,n,pos,1
4626,356,招,v,pos,2
4630,356,发文,n,pos,3
4631,356,通知,v,pos,4
4634,356,人事,n,pos,5
4635,356,内部,f,pos,6
4636,356,口头,n,pos,7
4637,356,通知,v,pos,8
4642,357,企业,n,pos,1
4643,357,抵制,v,pos,2
4644,357,不痛不痒,i,pos,3
4648,357,毕业生,n,pos,4
4651,357,几个,m,pos,5
4659,357,造,v,pos,6
4660,357,造势,n,pos,7
4662,357,网上,s,pos,8
4663,357,闹麻,z,pos,9
4666,357,找,v,pos,10
4668,357,工作,vn,pos,11
4672,357,找,v,pos,12
4673,358,一颗,m,pos,1
4674,358,老鼠屎,n,pos,2
4675,358,毁,v,pos,3
4676,358,一锅粥,l,pos,4
4678,358,建议,n,pos,5
4680,358,编入,v,pos,6
4681,358,校训,n,pos,7
4685,359,公司,n,pos,1
4686,359,哗众取宠,i,pos,2
4688,359,事实上,l,pos,3
4689,359,毕业,n,pos,4
4691,359,压根,n,pos,5
4693,359,瞧,v,pos,6
4698,359,公司,n,pos,7
4702,360,千万别,i,pos,1
4704,360,司法机关,n,pos,2
4707,361,想,v,pos,1
4708,361,偷,v,pos,2
4709,361,招,n,pos,3
4713,362,女人,n,pos,1
4714,362,干,v,pos,2
4719,363,央视,j,pos,1
4724,364,互联网,n,pos,1
4727,364,发达,v,pos,2
4730,364,不行,v,pos,3
4732,364,分,v,pos,4
4733,364,分钟,q,pos,5
4736,364,裤衩,n,pos,6
4737,364,子,ng,pos,7
4738,364,撕烂,v,pos,8
4740,366,建议,n,pos,1
4741,366,中国,ns,pos,2
4743,366,学校,n,pos,3
4746,366,分为,v,pos,4
4747,366,男女,n,pos,5
4748,366,校,ng,pos,6
4753,366,混合,vn,pos,7
4756,367,世界,n,pos,1
4757,367,五百强,nr,pos,2
4760,367,中国,ns,pos,3
4761,367,五百强,nr,pos,4
4765,367,表态,n,pos,5
4767,367,一群,m,pos,6
4768,367,阿猫阿狗,nr,pos,7
4770,367,算不上,l,pos,8
4771,367,玩意儿,n,pos,9
4774,367,疯狂,a,pos,10
4775,367,蹭,v,pos,11
4776,367,热度,n,pos,12
4778,368,四川,ns,pos,1
4782,370,村口,n,pos,1
4783,370,桌球,n,pos,2
4784,370,店,n,pos,3
4788,370,招,v,pos,4
4789,370,美国,ns,pos,5
4790,370,学生,n,pos,6
4791,371,狗,n,pos,1
4792,371,真多,d,pos,2
4794,372,公司,n,pos,1
4795,372,肯定,v,pos,2
4797,372,发,v,pos,3
4799,372,通告,n,pos,4
4802,372,内部,f,pos,5
4803,372,肯定,v,pos,6
4805,372,客观,n,pos,7
4807,372,歧视,v,pos,8
4811,372,口头上,l,pos,9
4813,372,人力,n,pos,10
4815,372,一句,m,pos,11
4817,372,收,v,pos,12
4824,372,理由,n,pos,13
4825,372,不收,v,pos,14
4827,373,拒招,v,pos,1
4828,373,成本,n,pos,2
4830,373,低,a,pos,3
4832,373,并有,c,pos,4
4833,373,太,d,pos,5
4836,373,选择,v,pos,6
4841,373,几个,m,pos,7
4842,373,选择,v,pos,8
4850,373,招,n,pos,9
4852,373,招,v,pos,10
4857,374,公司,n,pos,1
4859,375,高,a,pos,1
4860,375,考生,v,pos,2
4861,375,选,zg,pos,3
4862,375,志愿,n,pos,4
4863,375,想,v,pos,5
4864,375,平替,v,pos,6
4866,375,来电,v,pos,7
4867,375,科,n,pos,8
4868,375,喵,o,pos,9
4872,375,喵,o,pos,10
4874,375,谢谢,nr,pos,11
4875,375,喵,o,pos,12
4877,376,死,v,pos,1
4878,376,窜,v,pos,2
4879,376,贵,a,pos,3
4880,376,男,b,pos,4
4881,376,篝榨,i,pos,5
4882,376,一大堆,m,pos,6
4884,376,死,v,pos,7
4885,376,窜,v,pos,8
4886,376,败类,n,pos,9
4888,376,羞与为伍,n,pos,10
4891,377,政治,n,pos,1
4892,377,正确,ad,pos,2
4895,378,社会,n,pos,1
4896,378,不肯,v,pos,2
4897,378,包容,v,pos,3
4899,378,女生,n,pos,4
4900,378,原因,n,pos,5
4902,378,是因为,c,pos,6
4904,378,一向,d,pos,7
4906,378,坏,a,pos,8
4912,378,坏,a,pos,9
4914,378,领导,n,pos,10
4915,378,包庇,v,pos,11
4919,378,背后,f,pos,12
4920,378,原因,n,pos,13
4922,378,群众,n,pos,14
4923,378,不能容忍,l,pos,15
4924,379,女,b,pos,1
4926,379,学校,n,pos,2
4927,379,领导,n,pos,3
4928,379,关系,n,pos,4
4932,380,缺,v,pos,1
4933,380,就业,v,pos,2
4937,381,耙,n,pos,1
4938,381,耳朵,n,pos,2
4940,381,想,v,pos,3
4941,381,上天,t,pos,4
4944,381,四川,ns,pos,5
4945,381,不好,d,pos,6
4950,381,狠狠,d,pos,7
4951,381,网,n,pos,8
4952,381,爆,v,pos,9
4953,382,伤害,a,pos,1
4957,382,侮辱性,n,pos,2
4959,382,强,a,pos,3
4960,383,反正,d,pos,1
4965,383,中专,j,pos,2
4966,383,普大,a,pos,3
4971,383,操,v,pos,4
4973,383,心,s,pos,5
4974,384,哈哈哈,o,pos,1
4977,384,女,b,pos,2
4982,384,处罚,v,pos,3
4983,384,真轻,d,pos,4
4984,385,拒绝,v,pos,1
4985,385,人渣,n,pos,2
4987,385,人人有责,l,pos,3
4988,386,逆,vg,pos,1
4989,386,天,q,pos,2
4990,386,民粹,b,pos,3
4991,387,张,q,pos,1
4993,387,是因为,c,pos,2
4994,387,口技,n,pos,3
4999,387,死保,v,pos,4
5001,388,我家,r,pos,1
5002,388,小卖部,n,pos,2
5006,388,录用,v,pos,3
5007,388,学生,n,pos,4
5008,389,中国,ns,pos,1
5013,389,企业,n,pos,2
5015,389,差,a,pos,3
5018,389,小企业,n,pos,4
5020,389,看不上,v,pos,5
5022,389,无所谓,l,pos,6
5024,389,鉴定,v,pos,7
5026,389,搞,v,pos,8
5027,389,耍,v,pos,9
5029,390,学生,n,pos,1
5030,390,成班,v,pos,2
5032,390,校长室,n,pos,3
5033,390,书记,n,pos,4
5034,390,室,n,pos,5
5035,390,反馈,v,pos,6
5037,390,张薇,nr,pos,7
5040,390,带来,v,pos,8
5041,390,反面,d,pos,9
5042,390,影响,vn,pos,10
5043,391,人心向背,i,pos,1
5049,393,还好,v,pos,1
5050,393,当年,t,pos,2
5051,393,没报,v,pos,3
5057,394,张薇,nr,pos,1
5059,394,学校,n,pos,2
5062,394,学校,n,pos,3
5063,394,领导作风,n,pos,4
5064,394,不良,a,pos,5
5068,395,垃圾,n,pos,1
5069,395,企业,n,pos,2
5071,395,招,v,pos,3
5073,396,妞,ng,pos,1
5074,396,兵法,n,pos,2
5075,396,玩,v,pos,3
5076,396,很六,m,pos,4
5080,396,老百姓,n,pos,5
5082,396,玩,v,pos,6
5086,397,真,d,pos,1
5089,397,全国,n,pos,2
5090,397,第一,m,pos,3
5091,397,没人敢,l,pos,4
5092,397,拒绝,v,pos,5
5095,397,级别,n,pos,6
5096,397,浙大,ns,pos,7
5097,397,武大,j,pos,8
5098,397,山,n,pos,9
5099,397,大厦,n,pos,10
5102,397,高,a,pos,11
5103,397,一级,m,pos,12
5104,397,清华北大,nt,pos,13
5105,397,复旦,nz,pos,14
5107,397,缺,v,pos,15
5113,398,感觉,n,pos,1
5114,399,这届,r,pos,1
5115,399,网友,n,pos,2
5116,399,真好,d,pos,3
5119,400,关心,n,pos,1
5120,401,一两个,m,pos,1
5122,401,蹭,v,pos,2
5123,401,热度,n,pos,3
5124,401,小丑,nr,pos,4
5125,401,罢,v,pos,5
5128,401,没见,v,pos,6
5130,401,古往今来,l,pos,7
5132,401,出过,v,pos,8
5133,401,事,n,pos,9
5134,401,学校,n,pos,10
5136,401,禁,v,pos,11
5137,403,央企,j,pos,1
5141,403,招,v,pos,2
5144,404,招生,v,pos,1
5145,404,估计,v,pos,2
5148,404,受,v,pos,3
5149,404,影响,vn,pos,4
5152,404,想,v,pos,5
5156,404,女人,n,pos,6
5159,404,留,v,pos,7
5162,404,冒天下之大不韪,i,pos,8
5163,405,时间,n,pos,1
5165,405,冲淡,a,pos,2
5168,406,张薇,nr,pos,1
5170,406,学术,n,pos,2
5171,406,妲,g,pos,3
5179,406,处理结果,n,pos,4
5184,407,好好,d,pos,1
5190,407,满意,v,pos,2
5193,407,也别,d,pos,3
5194,407,连累,a,pos,4
5196,407,学子,n,pos,5
5198,408,句,q,pos,1
5199,408,实在话,n,pos,2
5204,408,招聘,v,pos,3
5207,408,公司,n,pos,4
5210,408,职场,n,pos,5
5211,408,性骚扰,l,pos,6
5212,408,明天,t,pos,7
5214,408,职场,n,pos,8
5215,408,性骚扰,l,pos,9
5217,408,后天,t,pos,10
5219,408,职场,n,pos,11
5220,408,性骚扰,l,pos,12
5222,408,公司,n,pos,13
5224,408,开不开,v,pos,14
5230,408,员工,n,pos,15
5232,408,爹,n,pos,16
5236,408,发到,v,pos,17
5237,408,网上,s,pos,18
5238,408,前科,n,pos,19
5241,408,公司,n,pos,20
5245,408,倒闭,v,pos,21
5246,408,风险,n,pos,22
5249,408,招收,v,pos,23
5254,408,投,v,pos,24
5255,408,简历,v,pos,25
5257,408,单位,n,pos,26
5258,408,公司,n,pos,27
5263,408,学校,n,pos,28
5264,408,招聘,v,pos,29
5268,408,投,v,pos,30
5269,408,简历,v,pos,31
5273,408,面试,v,pos,32
5280,408,白跑,ns,pos,33
5286,409,男性,n,pos,1
5288,409,厕所,n,pos,2
5290,409,守护,v,pos,3
5291,409,不住,v,pos,4
5292,409,小丑,nr,pos,5
5293,409,学校,n,pos,6
5297,409,包庇,v,pos,7
5298,409,造谣,v,pos,8
5299,409,女,b,pos,9
5302,409,企业,n,pos,10
5304,409,想要,v,pos,11
5309,411,厕大,n,pos,1
5314,412,狠狠,d,pos,1
5316,412,抵制,v,pos,2
5321,412,一张,m,pos,3
5322,412,录取,v,pos,4
5323,412,通知书,nr,pos,5
5328,412,事,n,pos,6
5333,413,真,d,pos,1
5343,414,能降,v,pos,1
5344,414,分,v,pos,2
5346,414,报人,n,pos,3
5350,414,双,n,pos,4
5351,414,一流大学,l,pos,5
5354,414,事,n,pos,6
5355,414,整改,v,pos,7
5358,414,行,v,pos,8
5361,414,公司,n,pos,9
5362,414,招,n,pos,10
5364,414,行,v,pos,11
5367,414,公司,n,pos,12
5369,414,蹭,v,pos,13
5370,414,热度,n,pos,14
5372,414,关键,n,pos,15
5375,414,整改,v,pos,16
5377,415,四学,n,pos,1
5379,415,包庇,v,pos,2
5380,415,犯罪分子,n,pos,3
5382,415,遗臭万年,i,pos,4
5383,416,归无,i,pos,1
5384,416,学校,n,pos,2
5386,417,真实,d,pos,1
5387,417,内心,n,pos,2
5389,417,起码,n,pos,3
5390,417,表,n,pos,4
5391,417,个态,n,pos,5
5393,417,值得,v,pos,6
5394,417,表扬,v,pos,7
5396,417,推广,v,pos,8
5398,418,做法,v,pos,1
5402,418,爷们,r,pos,2
5404,419,排除,v,pos,1
5405,419,蹭,v,pos,2
5406,419,热度,n,pos,3
5414,419,做,v,pos,4
5417,419,双,m,pos,5
5419,419,留,v,pos,6
5422,420,内耗,n,pos,1
5425,420,美国佬,nz,pos,2
5426,420,依旧,z,pos,3
5428,420,招,v,pos,4
5429,420,清华,nz,pos,5
5430,420,才子,n,pos,6
5433,421,最亏,d,pos,1
5435,421,男,b,pos,2
5437,422,垃圾,n,pos,1
5440,423,传媒,n,pos,1
5442,423,凑,v,pos,2
5443,423,热度,n,pos,3
5444,423,东西,ns,pos,4
5448,423,科技,n,pos,5
5449,423,公司,n,pos,6
5453,423,建设,vn,pos,7
5454,423,公司,n,pos,8
5457,423,信,v,pos,9
5460,424,吃香,v,pos,1
5464,424,真,d,pos,2
5465,424,抵制,v,pos,3
5467,424,至少,d,pos,4
5469,424,部门,n,pos,5
5470,424,研究生,n,pos,6
5471,424,工资,vn,pos,7
5475,424,高,a,pos,8
5478,424,确实,ad,pos,9
5484,424,不行,v,pos,10
5485,425,生,vn,pos,1
5488,425,高中,s,pos,2
5489,425,学历,n,pos,3
5491,426,读,v,pos,1
5492,426,综合性,n,pos,2
5493,426,大学,n,pos,3
5496,426,工科,n,pos,4
5497,426,院,n,pos,5
5500,426,女,b,pos,6
5501,426,少,a,pos,7
5502,426,躺,v,pos,8
5503,426,枪,n,pos,9
5504,426,概率,n,pos,10
5505,426,低,a,pos,11
5508,427,企业,n,pos,1
5511,427,关停,v,pos,2
5512,427,整改,v,pos,3
5517,427,胆子,n,pos,4
5519,427,教育部,n,pos,5
5520,427,学校,n,pos,6
5521,427,说不,l,pos,7
5526,427,东西,ns,pos,8
5530,428,蹭,v,pos,1
5531,428,热度,n,pos,2
5533,429,诬陷,v,pos,1
5535,429,污蔑,vn,pos,2
5538,429,犯罪,vn,pos,3
5542,430,事,n,pos,1
5545,430,卡,n,pos,2
5546,430,当事人,n,pos,3
5547,430,谅解,v,pos,4
5551,430,处罚,v,pos,5
5553,430,轻,a,pos,6
5556,430,当事人,n,pos,7
5558,430,谅解,v,pos,8
5559,430,张薇,nr,pos,9
5562,430,蹲,v,pos,10
5563,430,监狱,n,pos,11
5572,430,方式,n,pos,12
5574,430,籍,ng,pos,13
5575,430,肯定,v,pos,14
5577,430,开,v,pos,15
5579,430,学籍,n,pos,16
5580,430,估计,v,pos,17
5582,430,开,v,pos,18
5585,430,留校察看,n,pos,19
5587,431,毕业,n,pos,1
5589,431,校园,n,pos,2
5590,431,招聘,v,pos,3
5593,431,市,n,pos,4
5594,431,单位,n,pos,5
5597,431,小区,n,pos,6
5598,431,开,v,pos,7
5599,431,招聘会,n,pos,8
5603,431,不太熟悉,ns,pos,9
5604,431,路,n,pos,10
5607,431,别门,n,pos,11
5608,431,进,v,pos,12
5610,431,特别,d,pos,13
5611,431,远,a,pos,14
5614,431,校园,n,pos,15
5615,431,里,f,pos,16
5616,431,找,v,pos,17
5617,431,学生,n,pos,18
5618,431,问路,n,pos,19
5621,431,校区,n,pos,20
5624,431,硕,ag,pos,21
5625,431,博士,n,pos,22
5628,431,问,v,pos,23
5629,431,好几个,m,pos,24
5630,431,学生,n,pos,25
5635,431,告诉,v,pos,26
5639,431,态度恶劣,n,pos,27
5644,431,几个,m,pos,28
5645,431,送,v,pos,29
5646,431,快递,v,pos,30
5648,431,外卖,v,pos,31
5650,431,问,v,pos,32
5651,431,学生,n,pos,33
5652,431,路,n,pos,34
5654,431,学生,n,pos,35
5655,431,态度,n,pos,36
5656,431,更是,d,pos,37
5657,431,恶劣,a,pos,38
5661,431,高高在上,l,pos,39
5663,431,瞧不起,v,pos,40
5666,431,学生,n,pos,41
5668,431,不该,v,pos,42
5669,431,录用,v,pos,43
5673,432,事,n,pos,1
5676,432,保,v,pos,2
5677,432,研能,v,pos,3
5678,432,胜任,n,pos,4
5682,433,好似,v,pos,1
5686,433,学生,n,pos,2
5688,433,无辜,n,pos,3
5692,435,狠狠,d,pos,1
5694,435,反噬,v,pos,2
5695,436,好好,d,pos,1
5700,437,招,v,pos,1
5709,437,开,v,pos,2
5711,437,早餐,n,pos,3
5712,437,店,n,pos,4
5719,437,招,v,pos,5
5720,437,清华,nz,pos,6
5721,437,学生,n,pos,7
5725,439,四川,ns,pos,1
5726,439,男人,n,pos,2
5729,439,精神,n,pos,3
5730,439,阉割,v,pos,4
5731,439,捏,v,pos,5
5732,440,好似,v,pos,1
5736,440,考不上,v,pos,2
5737,441,连锁反应,l,pos,1
5738,442,网暴,n,pos,1
5740,442,厉害,a,pos,2
5743,442,感叹,v,pos,3
5745,443,回答,v,pos,1
5746,444,中国大学,nt,pos,1
5747,444,男生,n,pos,2
5749,444,女生,n,pos,3
5751,444,处罚,v,pos,4
5754,444,差异,n,pos,5
5755,444,原因,n,pos,6
5758,444,多个,m,pos,7
5763,445,社会,n,pos,1
5764,445,观念,n,pos,2
5766,445,性别,n,pos,3
5767,445,刻板,n,pos,4
5768,445,印象,n,pos,5
5770,445,中国,ns,pos,6
5771,445,社会,n,pos,7
5772,445,普遍存在,i,pos,8
5775,445,男性,n,pos,9
5777,445,女性,n,pos,10
5779,445,期望,v,pos,11
5781,445,评价,n,pos,12
5782,445,标准,n,pos,13
5784,445,传统,n,pos,14
5787,445,男性,n,pos,15
5791,445,承担,v,pos,16
5794,445,责任,n,pos,17
5796,445,压力,n,pos,18
5799,445,女性,n,pos,19
5802,445,视为,v,pos,20
5803,445,弱势群体,i,pos,21
5806,445,观念,n,pos,22
5808,445,导致,v,pos,23
5810,445,处罚,v,pos,24
5813,445,男生,n,pos,25
5815,445,严厉,ad,pos,26
5819,445,女生,n,pos,27
5821,445,宽容,a,pos,28
5825,446,性别歧视,l,pos,1
5827,446,偏见,v,pos,2
5831,446,情况,n,pos,3
5837,446,女性,n,pos,4
5838,446,性别歧视,l,pos,5
5840,446,偏见,v,pos,6
5842,446,导致,v,pos,7
5844,446,女生,n,pos,8
5845,446,处罚,v,pos,9
5847,446,轻,a,pos,10
5851,446,是因为,c,pos,11
5853,446,女性,n,pos,12
5854,446,期望,v,pos,13
5856,446,低,a,pos,14
5860,446,女性,n,pos,15
5864,446,伤害,a,pos,16
5866,446,承受,v,pos,17
5868,446,严厉,ad,pos,18
5869,446,处罚,v,pos,19
5873,447,学校,n,pos,1
5874,447,管理,vn,pos,2
5879,447,学校,n,pos,3
5881,447,违纪行为,v,pos,4
5885,447,差异,n,pos,5
5889,447,导致,v,pos,6
5891,447,男生,n,pos,7
5893,447,女生,n,pos,8
5894,447,处罚,v,pos,9
5898,447,学校,n,pos,10
5901,447,注重,v,pos,11
5903,447,男生,n,pos,12
5904,447,严格管理,nr,pos,13
5908,447,女生,n,pos,14
5909,447,处罚,v,pos,15
5912,447,轻,a,pos,16
5916,448,社会舆论,l,pos,1
5918,448,舆情,n,pos,2
5919,448,影响,vn,pos,3
5921,448,社会舆论,l,pos,4
5923,448,舆情,n,pos,5
5925,448,学校,n,pos,6
5926,448,处罚,v,pos,7
5927,448,决策,n,pos,8
5931,448,影响,vn,pos,9
5935,448,事件,n,pos,10
5938,448,关注,v,pos,11
5940,448,争议,n,pos,12
5942,448,学校,n,pos,13
5946,448,舆论压力,n,pos,14
5948,448,导致,v,pos,15
5950,448,处罚,v,pos,16
5951,448,决策,n,pos,17
5953,448,偏差,n,pos,18
5956,449,指出,v,pos,1
5963,449,原因,n,pos,2
5965,449,具体情况,l,pos,3
5968,449,学校,n,pos,4
5970,449,地区,n,pos,5
5973,449,事件,n,pos,6
5975,449,有所不同,l,pos,7
5977,449,性别,n,pos,8
5978,449,平等,a,pos,9
5980,449,公正,nr,pos,10
5984,449,社会,n,pos,11
5985,449,议题,n,pos,12
5989,449,法律,n,pos,13
5991,449,教育,vn,pos,14
5993,449,社会意识,l,pos,15
5994,449,提升,v,pos,16
5997,449,性别,n,pos,17
5998,449,平等,a,pos,18
6000,449,公正,nr,pos,19
6003,450,回头,v,pos,1
6005,450,女孩,n,pos,2
6006,450,自杀,v,pos,3
6008,450,算不算,v,pos,4
6009,450,网暴,n,pos,5
6011,451,大学生,n,pos,1
6012,451,太,d,pos,2
6016,451,借故,n,pos,3
6017,451,制裁,n,pos,4
6018,452,只能,v,pos,1
6020,452,干,v,pos,2
6022,452,漂亮,a,pos,3
6026,452,收,v,pos,4
6028,453,吃,v,pos,1
6029,453,瓜,n,pos,2
6030,453,群众,n,pos,3
6034,453,小卖部,n,pos,4
6035,453,拒,v,pos,5
6036,453,师生,nr,pos,6
6037,454,想,v,pos,1
6040,454,喜欢,v,pos,2
6042,454,炉石,n,pos,3
6043,454,魔术师,n,pos,4
6046,454,研究生,n,pos,5
6048,454,毕业,n,pos,6
6049,454,跳楼,v,pos,7
6050,455,张伟,nr,pos,1
6054,456,公司,n,pos,1
6063,457,日本,ns,pos,1
6066,457,繁星,n,pos,2
6067,457,计划,n,pos,3
6070,457,成功,a,pos,4
6073,457,领域,n,pos,5
6074,457,精英,n,pos,6
6078,457,话语权,n,pos,7
6080,459,单方面,n,pos,1
6083,459,不到,v,pos,2
6085,459,世界,n,pos,3
6086,459,强,a,pos,4
6087,459,单位,n,pos,5
6088,459,出任,v,pos,6
6089,459,高管,n,pos,7
6092,459,邀,v,pos,8
6098,459,职员,n,pos,9
6099,459,话,n,pos,10
6103,459,勉强,v,pos,11
6104,459,答应,v,pos,12
6105,460,北京,ns,pos,1
6106,460,霸凌那,ns,pos,2
6107,460,几个,m,pos,3
6108,460,女,b,pos,4
6111,460,热度,n,pos,5
6114,460,几个,m,pos,6
6117,460,恶劣,a,pos,7
6119,461,支持,v,pos,1
6122,461,村子,n,pos,2
6124,461,小偷,d,pos,3
6127,461,歧视,v,pos,4
6129,461,村子,n,pos,5
6132,461,村长,n,pos,6
6133,461,带头,v,pos,7
6134,461,包庇,v,pos,8
6135,461,小偷,d,pos,9
6140,461,村子,n,pos,10
6146,461,肃清,v,pos,11
6149,461,村,zg,pos,12
6151,462,最起码,l,pos,1
6152,462,开除党籍,n,pos,2
6154,463,遭殃,v,pos,1
6156,463,学生,n,pos,2
6159,464,蹭,v,pos,1
6160,464,热度,n,pos,2
6166,464,企业,n,pos,3
6167,464,叫好,v,pos,4
6171,464,一种,m,pos,5
6172,464,态度,n,pos,6
6182,464,权益,n,pos,7
6184,464,进一步,d,pos,8
6185,464,损害,v,pos,9
6186,465,请,v,pos,1
6187,465,百度,n,pos,2
6189,465,推荐,v,pos,3
6198,465,恶心,n,pos,4
6205,466,开除,v,pos,1
6206,466,学籍,n,pos,2
6209,466,开除党籍,n,pos,3
6211,467,四川,ns,pos,1
6212,467,魔仙,n,pos,2
6213,467,堡,ng,pos,3
6214,467,罢,v,pos,4
6217,468,张薇,nr,pos,1
6218,468,事件,n,pos,2
6220,468,质疑,v,pos,3
6222,468,毕业生,n,pos,4
6223,468,品质,n,pos,5
6224,468,难以,d,pos,6
6225,468,信服,n,pos,7
6231,468,大专生,b,pos,8
6232,468,工作,vn,pos,9
6233,468,能力,n,pos,10
6235,468,工作,vn,pos,11
6236,468,态度,n,pos,12
6237,468,差,a,pos,13
6239,468,质疑,v,pos,14
6241,468,大专生,b,pos,15
6242,468,工作,vn,pos,16
6243,468,能力,n,pos,17
6245,468,工作,vn,pos,18
6246,468,态度,n,pos,19
6247,468,差,a,pos,20
6251,468,区别,n,pos,21
6255,468,好多,m,pos,22
6256,468,企业,n,pos,23
6258,468,点名,v,pos,24
6261,468,收带,v,pos,25
6262,468,专生,n,pos,26
6269,468,歧视,v,pos,27
6273,469,收生,v,pos,1
6274,469,公司,n,pos,2
6277,469,玩,n,pos,3
6278,469,流量,n,pos,4
6283,469,流量,n,pos,5
6284,469,反噬,v,pos,6
6286,469,这话,r,pos,7
6289,469,反对,d,pos,8
6292,469,一堆,m,pos,9
6293,469,企业,n,pos,10
6296,469,收,v,pos,11
6297,469,大专,n,pos,12
6298,469,民办,n,pos,13
6299,469,二本,ns,pos,14
6300,469,双,m,pos,15
6301,469,非,h,pos,16
6303,469,流量,n,pos,17
6306,470,男厕所,n,pos,1
6307,470,未,d,pos,2
6308,470,征求,v,pos,3
6309,470,男,n,pos,4
6310,470,学生,n,pos,5
6311,470,意见,n,pos,6
6313,470,改建,v,pos,7
6315,470,女厕所,n,pos,8
6318,470,污蔑,vn,pos,9
6319,470,造谣,v,pos,10
6320,470,犯罪行为,n,pos,11
6321,470,批评,v,pos,12
6322,470,两句,m,pos,13
6323,470,事,n,pos,14
6325,470,明明,t,pos,15
6328,470,一堆,m,pos,16
6332,470,改,v,pos,17
6334,470,偏,d,pos,18
6336,470,改,v,pos,19
6338,470,先,d,pos,20
6339,470,揪,v,pos,21
6345,470,放,v,pos,22
6346,471,反正,d,pos,1
6347,471,就业,v,pos,2
6348,471,环境,n,pos,3
6351,472,学校,n,pos,1
6353,472,成,v,pos,2
6354,472,公厕,n,pos,3
6355,473,四川人,nz,pos,1
6359,474,年,m,pos,1
6361,474,点名,v,pos,2
6362,474,骂,v,pos,3
6366,474,改,v,pos,4
6368,474,强硬,a,pos,5
6370,475,只能,v,pos,1
6372,475,小企业,n,pos,2
6374,475,一点,m,pos,3
6375,475,前瞻性,n,pos,4
6380,475,女生,n,pos,5
6382,475,认错,v,pos,6
6384,475,学校,n,pos,7
6386,475,处罚,v,pos,8
6391,475,公司,n,pos,9
6393,475,招,v,pos,10
6395,475,公司,n,pos,11
6396,475,招,v,pos,12
6398,475,珍惜,a,pos,13
6399,475,人才,n,pos,14
6401,475,懂,v,pos,15
6404,475,网,n,pos,16
6405,475,曝,vg,pos,17
6406,475,太,d,pos,18
6407,475,可怕,c,pos,19
6411,475,张薇,nr,pos,20
6412,475,同学,n,pos,21
6415,475,公司,n,pos,22
6416,475,扫,v,pos,23
6417,475,厕所,n,pos,24
6419,476,管不住,v,pos,1
6421,476,嘴,n,pos,2
6423,476,名声,n,pos,3
6426,476,搞臭,v,pos,4
6431,476,没什么,l,pos,5
6434,477,网暴,n,pos,1
6437,477,社会,n,pos,2
6438,477,打拳,v,pos,3
6439,477,女,b,pos,4
6441,478,学生,n,pos,1
6444,478,够,v,pos,2
6445,478,倒霉,a,pos,3
6448,478,句,q,pos,4
6449,478,公道话,n,pos,5
6452,478,学校,n,pos,6
6453,478,好坏,v,pos,7
6454,478,参半,v,pos,8
6458,478,学生,n,pos,9
6460,478,坏,a,pos,10
6461,478,学生,n,pos,11
6462,478,搞,v,pos,12
6463,478,麻,n,pos,13
6467,479,竞争力,n,pos,1
6471,479,同级,b,pos,2
6472,479,大学,n,pos,3
6475,479,应聘,v,pos,4
6478,479,招,n,pos,5
6481,480,张薇,nr,pos,1
6482,480,蹭,v,pos,2
6483,480,热度,n,pos,3
6487,480,其他人,rr,pos,4
6488,480,蹭,v,pos,5
6489,480,热度,n,pos,6
6494,480,哮酰,n,pos,7
6495,480,钕,g,pos,8
6496,480,思维,n,pos,9
6503,481,学生,n,pos,1
6506,481,学生,n,pos,2
6509,481,关系,n,pos,3
6513,481,大部分,m,pos,4
6517,481,想,v,pos,5
6519,481,读书,n,pos,6
6521,481,找,v,pos,7
6523,481,工作,vn,pos,8
6524,481,好好,d,pos,9
6525,481,过日子,n,pos,10
6526,481,罢,v,pos,11
6527,482,事发,n,pos,1
6530,482,血霉,n,pos,2
6533,483,代表,n,pos,1
6537,483,找对象,n,pos,2
6541,483,校友,n,pos,3
6542,483,开黑,v,pos,4
6544,484,拒收,v,pos,1
6545,484,女,b,pos,2
6546,484,学生,n,pos,3
6548,485,反正,d,pos,1
6550,485,出名,v,pos,2
6553,485,没见,v,pos,3
6556,485,央视,j,pos,4
6557,485,新闻,n,pos,5
6558,485,骂,v,pos,6
6560,485,学校,n,pos,7
6561,485,骂,v,pos,8
6563,485,狠,d,pos,9
6564,486,下毒,v,pos,1
6568,486,学校,n,pos,2
6571,486,早,a,pos,3
6573,486,倒闭,v,pos,4
6575,487,学术,n,pos,1
6576,487,造假,v,pos,2
6578,487,反驳,v,pos,3
6583,488,活该,v,pos,1
6586,489,当事人,n,pos,1
6589,489,追究,v,pos,2
6591,489,网上,s,pos,3
6595,489,赖赖,v,pos,4
6597,489,纯纯,a,pos,5
6598,489,蹭,v,pos,6
6599,489,热度,n,pos,7
6603,490,招,v,pos,1
6604,490,哈佛,nrt,pos,2
6605,490,毕业生,n,pos,3
6608,491,毕业生,n,pos,1
6610,491,应聘,v,pos,2
6618,491,骑士,n,pos,3
6619,491,学校,n,pos,4
6621,491,学校,n,pos,5
6622,491,师生,nr,pos,6
6623,491,网暴,n,pos,7
6624,491,单位,n,pos,8
6627,491,选择,v,pos,9
6629,491,相互,d,pos,10
6635,491,不乐意,i,pos,11
6636,492,别嘛,n,pos,1
6639,492,推,v,pos,2
6641,492,行,zg,pos,3
6644,492,垃圾,n,pos,4
6645,492,大专,n,pos,5
6646,492,毕业,n,pos,6
6648,492,多年,m,pos,7
6650,492,儿子,n,pos,8
6652,492,读,v,pos,9
6653,492,初中,f,pos,10
6657,492,管不着,v,pos,11
6660,492,添堵,v,pos,12
6662,492,烦,v,pos,13
6665,493,狠狠,d,pos,1
6667,493,火上浇油,n,pos,2
6674,493,炒作,v,pos,3
6675,493,热度,n,pos,4
6680,493,侧面,f,pos,5
6681,493,推波助澜,i,pos,6
6682,494,张薇,nr,pos,1
6684,494,恶心,n,pos,2
6685,494,店,n,pos,3
6686,494,东西,ns,pos,4
6689,494,惩罚,vn,pos,5
6703,496,女士,n,pos,1
6706,496,造谣,v,pos,2
6707,496,没事,v,pos,3
6709,497,好像,v,pos,1
6711,497,网暴,n,pos,2
6714,497,感觉,n,pos,3
6716,497,炒作,v,pos,4
6717,498,支持,v,pos,1
6719,498,支持,v,pos,2
6721,498,太,d,pos,3
6722,498,傲慢,a,pos,4
6724,499,投降,v,pos,1
6725,499,辣,n,pos,2
6728,499,投降,v,pos,3
6732,499,网友,n,pos,4
6733,500,四川,ns,pos,1
6737,500,做,v,pos,2
6738,500,错,n,pos,3
6741,501,種,m,pos,1
6742,501,瓜,n,pos,2
6744,501,瓜,n,pos,3
6746,501,只能,v,pos,4
6747,501,說,v,pos,5
6748,501,活該,v,pos,6
6749,502,本质,n,pos,1
6751,502,男女,n,pos,2
6752,502,对立,v,pos,3
6755,502,女权,n,pos,4
6757,502,膨胀,v,pos,5
6759,502,参考,v,pos,6
6761,502,韩国,ns,pos,7
6766,502,可怕,c,pos,8
6767,502,事情,n,pos,9
6769,503,校长,n,pos,1
6771,503,薇,g,pos,2
6775,503,冲刺,vn,pos,3
6778,503,忍,v,pos,4
6780,504,张薇,nr,pos,1
6782,504,人品,n,pos,2
6783,504,差,a,pos,3
6787,504,没关系,l,pos,4
6792,504,犯错误,n,pos,5
6794,504,法律制裁,n,pos,6
6796,504,法律,n,pos,7
6803,504,大学,n,pos,8
6806,504,记,n,pos,9
6809,504,足够,v,pos,10
6813,504,写,v,pos,11
6814,504,做学问,n,pos,12
6816,504,道德,nr,pos,13
6817,504,无关,v,pos,14
6821,504,道德,nr,pos,15
6822,504,第一位,m,pos,16
6825,504,发明,v,pos,17
6826,504,武器弹药,n,pos,18
6827,504,发明家,l,pos,19
6831,504,道德败坏,i,pos,20
6835,505,广告,n,pos,1
6836,505,推荐,v,pos,2
6837,506,好似,v,pos,1
6838,506,好似,v,pos,2
6839,506,好似,v,pos,3
6840,506,好似,v,pos,4
6844,507,报考,v,pos,1
6848,507,学生,n,pos,2
6850,507,不负责任,l,pos,3
6851,508,蝻,n,pos,1
6855,509,换,nz,pos,1
6856,509,新,a,pos,2
6857,509,校长,n,pos,3
6862,509,事,n,pos,4
6864,509,换,v,pos,5
6865,509,新,a,pos,6
6866,509,校长,n,pos,7
6868,509,爆发,v,pos,8
6870,510,听听,v,pos,1
6872,510,群众,n,pos,2
6873,510,声音,n,pos,3
6874,511,少管闲事,l,pos,1
6875,512,蜀道难,n,pos,1
6878,512,古人,n,pos,2
6880,512,骗人,n,pos,3
6883,512,可怕,c,pos,4
6886,513,场景,n,pos,1
6888,513,仿佛,d,pos,2
6889,513,回到,v,pos,3
6891,513,五代十国,nz,pos,4
6894,513,时期,n,pos,5
6897,513,蜀,j,pos,6
6899,513,灭,v,pos,7
6903,513,花蕊,n,pos,8
6904,513,夫人,n,pos,9
6905,513,一句,m,pos,10
6906,513,举国,n,pos,11
6907,513,无一是,d,pos,12
6908,513,男儿,n,pos,13
6913,513,黑色幽默,nr,pos,14
6914,514,一群,m,pos,1
6915,514,沙雕,n,pos,2
6916,514,蹭,v,pos,3
6917,514,热度,n,pos,4
6918,514,罢,v,pos,5
6919,515,文案,n,pos,1
6921,515,写,v,pos,2
6923,515,委婉,a,pos,3
6924,515,点,m,pos,4
6930,515,正确,ad,pos,5
6933,515,蹭,v,pos,6
6934,515,热度,n,pos,7
6935,515,嫌疑,v,pos,8
6944,515,本律,n,pos,9
6946,515,带来,v,pos,10
6947,515,负面影响,n,pos,11
6948,515,求职者,n,pos,12
6951,515,录用,v,pos,13
6952,515,上持,v,pos,14
6953,515,谨慎,a,pos,15
6954,515,态度,n,pos,16
6957,515,四川,ns,pos,17
6959,515,研究生,n,pos,18
6960,515,之流,r,pos,19
6962,516,谣言止于,l,pos,1
6963,516,智者,n,pos,2
6968,516,鸭,ng,pos,3
6969,516,脖,n,pos,4
6970,518,着急,a,pos,1
6973,519,这方面,mq,pos,1
6974,519,专家,n,pos,2
6979,519,想要,v,pos,3
6980,519,发表,v,pos,4
6983,519,观点,n,pos,5
6987,519,仔细,ad,pos,6
6988,519,看过,v,pos,7
6992,519,长时间,l,pos,8
6993,519,思考,v,pos,9
7003,519,回答,v,pos,10
7013,519,这方面,mq,pos,11
7014,519,专家,n,pos,12
7017,520,干,v,pos,1
7019,520,丑国,n,pos,2
7024,520,重拳出击,i,pos,3
7027,521,干脆,d,pos,1
7031,521,四川省,ns,pos,2
7032,522,双,n,pos,1
7033,522,一流大学,l,pos,2
7034,522,学生,n,pos,3
7035,522,素质,n,pos,4
7037,522,高,a,pos,5
7040,523,学风,n,pos,1
7042,524,即日起,l,pos,1
7044,524,招收,v,pos,2
7046,524,仙女,n,pos,3
7047,524,咩,zg,pos,4
7049,525,发生,v,pos,1
7051,526,蒸蒸日上,i,pos,1
7054,527,媒体,n,pos,1
7057,527,管管,vn,pos,2
7059,527,网暴,n,pos,3
7060,527,发源地,n,pos,4
7062,528,养,v,pos,1
7063,528,蛊,i,pos,2
7068,529,坤坤,ns,pos,1
7069,529,事件,n,pos,2
7072,530,发,v,pos,1
7074,530,声明,n,pos,2
7076,530,杆子,n,pos,3
7077,530,打死,v,pos,4
7078,530,所有人,n,pos,5
7081,530,恶,a,pos,6
7084,530,人恶,n,pos,7
7085,530,如出一辙,i,pos,8
7088,530,有过之无不及,i,pos,9
7091,532,一级,m,pos,1
7092,532,小号,n,pos,2
7094,532,嘲笑,v,pos,3
7097,532,平时,t,pos,4
7098,532,只能,v,pos,5
7099,532,仰望,v,pos,6
7100,532,学生,n,pos,7
7103,532,好不容易,l,pos,8
7104,532,犯,v,pos,9
7106,532,错误,n,pos,10
7114,532,没什么,l,pos,11
7119,532,狠狠,d,pos,12
7120,532,攻击,v,pos,13
7124,532,脆弱,a,pos,14
7125,532,自尊心,i,pos,15
7127,533,否定,v,pos,1
7131,533,鱼烂虾,nr,pos,2
7135,533,硬,a,pos,3
7136,533,蹭,v,pos,4
7137,533,外地,n,pos,5
7139,533,鱼烂虾,nr,pos,6
7143,533,属实,v,pos,7
7145,533,刀,n,pos,8
7147,533,砍头,v,pos,9
7149,533,尽情,d,pos,10
7150,533,落,v,pos,11
7151,533,进下,v,pos,12
7152,533,石,n,pos,13
7154,534,希望,v,pos,1
7157,534,企业,n,pos,2
7162,535,专,n,pos,1
7163,536,现身说法,n,pos,1
7164,538,天正,nz,pos,1
7165,538,未乱,d,pos,2
7166,538,蜀,j,pos,3
7167,538,先乱,a,pos,4
7169,538,天下,s,pos,5
7170,538,已定,d,pos,6
7171,538,蜀,j,pos,7
7172,538,未定,d,pos,8
7174,538,空穴来风,i,pos,9
7176,538,川,j,pos,10
7178,538,真性情,n,pos,11
7181,538,川,j,pos,12
7184,538,性,n,pos,13
7185,538,直,d,pos,14
7187,538,川,j,pos,15
7194,538,爱,v,pos,16
7196,538,恨,v,pos,17
7198,539,有人,r,pos,1
7199,539,带头,v,pos,2
7200,539,硬刚,d,pos,3
7201,539,发声明,l,pos,4
7203,539,蹭,v,pos,5
7205,539,蹭,v,pos,6
7206,539,热度,n,pos,7
7209,539,很棒,a,pos,8
7213,539,蹭,v,pos,9
7214,539,热度,n,pos,10
7219,539,蹭,v,pos,11
7225,539,胆,n,pos,12
7227,539,跳脚,v,pos,13
7228,539,嘲讽,v,pos,14
7229,539,纯纯,a,pos,15
7230,539,飞舞,n,pos,16
7233,539,飞舞,n,pos,17
7234,539,希望,v,pos,18
7238,539,公事,n,pos,19
7245,540,赚,v,pos,1
7247,540,好感,n,pos,2
7252,540,招,v,pos,3
7255,541,女,b,pos,1
7256,541,关系,n,pos,2
7259,541,硬,a,pos,3
7261,542,支持,v,pos,1
7267,544,狠狠,d,pos,1
7268,544,整改,v,pos,2
7271,545,毕业,n,pos,1
7279,545,拥护,v,pos,2
7280,545,母校,n,pos,3
7283,545,学校,n,pos,4
7290,545,有没有,v,pos,5
7292,545,罢,v,pos,6
7293,546,有没有,v,pos,1
7294,546,男同志,n,pos,2
7297,546,发表,v,pos,3
7299,546,看法,v,pos,4
7303,547,当初,t,pos,1
7304,547,扶,v,pos,2
7305,547,老人,n,pos,3
7307,547,讹,v,pos,4
7308,547,案件,n,pos,5
7311,547,合法,n,pos,6
7312,547,不合理,n,pos,7
7314,547,恶劣影响,l,pos,8
7316,547,持续,vd,pos,9
7317,547,几年,m,pos,10
7318,547,十几年,m,pos,11
7323,547,党员,n,pos,12
7325,547,党员,n,pos,13
7326,547,形象,n,pos,14
7328,547,不值钱,n,pos,15
7332,548,讨厌,v,pos,1
7334,548,仙女,n,pos,2
7335,548,做法,v,pos,3
7340,548,牛,n,pos,4
7341,548,逼,v,pos,5
7342,549,扯淡,v,pos,1
7347,549,媒体,n,pos,2
7348,549,话,n,pos,3
7351,549,信,n,pos,4
7357,549,连累,a,pos,5
7358,549,同学,n,pos,6
7360,550,正义,n,pos,1
7364,550,不想,v,pos,2
7367,550,同事,n,pos,3
7368,551,敢不敢,d,pos,1
7371,551,几年,m,pos,2
7372,551,官司,n,pos,3
7373,551,仗,n,pos,4
7375,552,一粒,m,pos,1
7376,552,老鼠屎,n,pos,2
7377,552,坏,a,pos,3
7378,552,一锅粥,l,pos,4
7379,553,可喜可贺,v,pos,1
7386,554,自由,a,pos,1
7388,554,社会,n,pos,2
7389,554,公司,n,pos,3
7392,554,拒绝,v,pos,4
7394,554,毕业生,n,pos,5
7395,554,自由,a,pos,6
7402,556,发,v,pos,1
7403,556,朋友圈,n,pos,2
7404,556,鄙视,v,pos,3
7406,556,公司,n,pos,4
7410,557,双,m,pos,1
7411,557,留,v,pos,2
7412,557,大学,n,pos,3
7413,557,无所畏惧,i,pos,4
7417,558,玩梗,n,pos,1
7419,558,打游戏,l,pos,2
7420,558,组队,n,pos,3
7421,558,喊话,v,pos,4
7422,558,里加,nrt,pos,5
7423,558,一句,m,pos,6
7426,559,去年,t,pos,1
7427,559,央视,j,pos,2
7429,559,批,v,pos,3
7431,560,面试,v,pos,1
7433,560,分,v,pos,2
7435,560,录取,v,pos,3
7436,560,分,q,pos,4
7439,560,高,a,pos,5
7441,560,一分,m,pos,6
7444,560,办法,n,pos,7
7446,560,录取,v,pos,8
7447,561,校训,n,pos,1
7449,561,男,n,pos,2
7450,561,开除,v,pos,3
7451,561,学籍,n,pos,4
7453,561,女,b,pos,5
7454,561,留校,v,pos,6
7455,561,插,v,pos,7
7456,561,处,n,pos,8
7458,562,纯纯,a,pos,1
7461,562,女厕,n,pos,2
7462,562,大学,n,pos,3
7469,563,全世界,n,pos,1
7471,563,敌,n,pos,2
7475,563,会护,v,pos,3
7477,563,周全,nr,pos,4
7481,565,估计,v,pos,1
7483,565,少陪,nr,pos,2
7484,565,睡,v,pos,3
7485,565,学校,n,pos,4
7486,565,领导,n,pos,5
7489,565,把柄,n,pos,6
7492,565,女,b,pos,7
7493,565,手里,s,pos,8
7496,565,只能,v,pos,9
7497,565,绑架,v,pos,10
7499,565,学生,n,pos,11
7500,565,求职,v,pos,12
7501,565,机会,n,pos,13
7502,567,发生,v,pos,1
7504,567,事,n,pos,2
7505,570,一群,m,pos,1
7507,570,独立思想,i,pos,2
7508,570,蛆虫,n,pos,3
7511,570,社会,n,pos,4
7513,570,犯错,v,pos,5
7514,570,好像,v,pos,6
7517,570,吊销,v,pos,7
7518,570,学籍,n,pos,8
7524,570,年纪,t,pos,9
7526,570,大学生,n,pos,10
7527,570,造谣,v,pos,11
7528,570,毁谤,v,pos,12
7530,570,犯错,v,pos,13
7532,570,法律,n,pos,14
7540,570,棒子,n,pos,15
7550,570,丢人现眼,l,pos,16
7553,571,包庇,v,pos,1
7554,571,窝藏罪犯,n,pos,2
7557,571,中央,n,pos,3
7558,571,两次,m,pos,4
7559,571,点名,v,pos,5
7560,571,批评,v,pos,6
7561,571,学校,n,pos,7
7562,571,终于,d,pos,8
7563,571,迎来,v,pos,9
7564,571,应有,v,pos,10
7565,571,报应,v,pos,11
7567,571,遗臭万年,i,pos,12
7571,572,大街,ns,pos,1
7573,572,碰,v,pos,2
7574,572,瓷,ng,pos,3
7577,572,跳梁小丑,n,pos,4
7578,574,没用,v,pos,1
7585,574,报名,v,pos,2
7586,574,女生,n,pos,3
7587,574,全,a,pos,4
7589,574,报名,v,pos,5
7594,574,学校,n,pos,6
7595,575,一颗,m,pos,1
7596,575,老鼠屎,n,pos,2
7597,575,坏,a,pos,3
7598,575,一锅粥,l,pos,4
7601,576,阿里,nrt,pos,1
7602,576,腾讯,nz,pos,2
7606,576,有用,v,pos,3
7609,576,村口,n,pos,4
7610,576,小卖部,n,pos,5
7611,576,属实,v,pos,6
7612,576,闹着玩,v,pos,7
7615,577,网暴,n,pos,1
7616,577,农民工,n,pos,2
7620,577,十恶不赦,i,pos,3
7622,578,四川,ns,pos,1
7625,579,学生,n,pos,1
7627,579,无辜,n,pos,2
7629,579,作恶,v,pos,3
7631,579,管理层,n,pos,4
7634,580,搞,v,pos,1
7635,580,封建时代,l,pos,2
7637,580,株连,ns,pos,3
7639,580,政体,n,pos,4
7643,580,出路,v,pos,5
7647,580,措施,n,pos,6
7651,580,棒子,n,pos,7
7652,580,打死,v,pos,8
7653,580,歪理,v,pos,9
7656,581,颠覆,v,pos,1
7657,581,国人,n,pos,2
7659,581,道德,nr,pos,3
7660,581,认知,v,pos,4
7662,581,带给,v,pos,5
7663,581,社会,n,pos,6
7664,581,很大,a,pos,7
7665,581,负面影响,n,pos,8
7667,582,男生,n,pos,1
7669,582,厕所,n,pos,2
7670,582,有没有,v,pos,3
7674,584,真,d,pos,1
7675,584,哥们,n,pos,2
7677,584,出事,v,pos,3
7678,584,真,d,pos,4
7679,584,包庇,v,pos,5
7681,584,能处,n,pos,6
7686,585,牛,n,pos,1
7687,585,逼,v,pos,2
7688,585,学校,n,pos,3
7690,587,小丑,nr,pos,1
7691,587,真,d,pos,2
7693,588,没事,v,pos,1
7696,588,学生,n,pos,2
7697,588,看不上,v,pos,3
7699,588,企业,n,pos,4
7704,588,川,j,pos,5
7706,588,学子,n,pos,6
7716,589,大学,n,pos,1
7722,589,垃圾,n,pos,2
7723,589,企业,n,pos,3
7726,589,专用,n,pos,4
7730,589,岗位,n,pos,5
7733,590,张薇,nr,pos,1
7735,590,领导,n,pos,2
7738,590,性关系,n,pos,3
7742,592,名声,n,pos,1
7749,592,变相,n,pos,2
7750,592,打广告,l,pos,3
7753,592,保护,v,pos,4
7755,592,仙女,n,pos,5
7758,592,女,b,pos,6
7761,592,想,v,pos,7
7763,592,考,v,pos,8
7765,593,应试教育,l,pos,1
7767,593,屁用,n,pos,2
7769,594,公司,n,pos,1
7771,594,名义,n,pos,2
7774,594,搞,v,pos,3
7775,594,学历,n,pos,4
7776,594,骑士,n,pos,5
7778,594,实际上,d,pos,6
7779,594,双,m,pos,7
7780,594,非,h,pos,8
7781,594,简历,v,pos,9
7787,595,当年,t,pos,1
7788,595,央视,j,pos,2
7790,595,太,d,pos,3
7791,595,委婉,a,pos,4
7792,595,含蓄,n,pos,5
7795,596,狗,n,pos,1
7796,596,网,n,pos,2
7797,596,暴,v,pos,3
7799,597,不收,v,pos,1
7801,597,不收,v,pos,2
7804,597,喜欢,v,pos,3
7805,597,一竿子,i,pos,4
7808,597,打死,v,pos,5
7809,597,公司,n,pos,6
7814,598,造谣,v,pos,1
7816,598,底线,n,pos,2
7817,599,四川,ns,pos,1
7818,599,男人,n,pos,2
7825,600,川军,nr,pos,1
7826,600,付出,v,pos,2
7829,600,忘,v,pos,3
7830,601,包庇,v,pos,1
7831,601,导致,v,pos,2
7832,603,四学,n,pos,1
7834,603,百年,m,pos,2
7835,603,名校,n,pos,3
7840,603,仙女,n,pos,4
7841,603,后盾,n,pos,5
7844,603,仙女,n,pos,6
7845,603,犯错,v,pos,7
7847,603,批评,v,pos,8
7850,603,行,v,pos,9
7852,603,男生,n,pos,10
7853,603,犯错,v,pos,11
7855,603,开除,v,pos,12
7857,603,真双标,nr,pos,13
7862,603,女生,n,pos,14
7864,603,随便,d,pos,15
7866,603,耍,v,pos,16
7868,603,母校,n,pos,17
7869,603,帮,v,pos,18
7871,603,兜,v,pos,19
7874,604,应届生,nz,pos,1
7875,604,估计,v,pos,2
7876,604,想,v,pos,3
7877,604,刀,n,pos,4
7882,605,变刑,v,pos,1
7883,605,金刚,nr,pos,2
7884,606,去年,t,pos,1
7885,606,华西,ns,pos,2
7886,606,事,n,pos,3
7887,606,早已,d,pos,4
7888,606,见识,v,pos,5
7889,606,公关,n,pos,6
7890,608,女尊,n,pos,1
7891,608,男卑,n,pos,2
7893,608,阴盛阳衰,l,pos,3
7896,608,女权,n,pos,4
7897,608,世界,n,pos,5
7900,608,时,ng,pos,6
7901,608,毁灭,v,pos,7
7911,609,学生,n,pos,1
7912,609,承认,v,pos,2
7913,609,鸭,ng,pos,3
7914,609,脖,n,pos,4
7919,609,群众,n,pos,5
7920,609,厌恶,v,pos,6
7922,609,仙女,n,pos,7
7923,609,成功,a,pos,8
7924,609,留党,n,pos,9
7929,609,群鼠鼠,n,pos,10
7931,609,不知好歹,i,pos,11
7934,609,大丈夫,n,pos,12
7935,609,主义,n,pos,13
7936,609,历史,n,pos,14
7945,609,仙女,n,pos,15
7946,609,享受,v,pos,16
7947,609,享受,v,pos,17
7949,609,赶紧,d,pos,18
7950,609,搬,v,pos,19
7951,609,砖,n,pos,20
7952,609,攒钱,v,pos,21
7953,609,吸,v,pos,22
7954,609,家里,s,pos,23
7955,609,血,n,pos,24
7956,609,买车,n,pos,25
7957,609,买房,n,pos,26
7960,609,虾头,n,pos,27
7961,609,男,n,pos,28
7968,610,搜,v,pos,1
7970,610,年,m,pos,2
7971,610,央视,j,pos,3
7973,610,期,n,pos,4
7974,610,通篇,n,pos,5
7975,610,批评,v,pos,6
7976,610,川,j,pos,7
7979,610,每句话,l,pos,8
7980,610,单独,d,pos,9
7983,610,放在,v,pos,10
7986,610,实力,n,pos,11
7987,610,学校,n,pos,12
7990,610,校长,n,pos,13
7996,610,川,j,pos,14
8000,610,改,v,pos,15
8002,610,变本加厉,i,pos,16
8007,610,得有,v,pos,17
8009,610,恐怖,a,pos,18
8010,610,还怕,c,pos,19
8013,610,招,v,pos,20
8014,611,川军,nr,pos,1
8015,611,威武,nrt,pos,2
8017,612,一帮,m,pos,1
8018,612,逆,vg,pos,2
8019,612,天,q,pos,3
8020,612,搞臭,v,pos,4
8021,612,学校,n,pos,5
8025,612,有人,r,pos,6
8028,612,学生,n,pos,7
8029,612,倒大霉,l,pos,8
8031,613,承认,v,pos,1
8035,614,子弹,n,pos,1
8036,614,飞,n,pos,2
8037,614,一会,m,pos,3
8040,614,学生,n,pos,4
8042,614,学校,n,pos,5
8043,614,火勾,z,pos,6
8045,615,小伙伴,n,pos,1
8048,615,北京,ns,pos,2
8049,615,律所,n,pos,3
8051,615,上海,ns,pos,4
8052,615,影视,n,pos,5
8053,615,公司,n,pos,6
8058,615,张某,nr,pos,7
8059,615,事件,n,pos,8
8060,615,碰,v,pos,9
8061,615,瓷,ng,pos,10
8062,615,蹭,v,pos,11
8063,615,热度,n,pos,12
8067,615,几个,m,pos,13
8072,615,毕业,n,pos,14
8073,615,就业,v,pos,15
8075,615,正,d,pos,16
8076,615,眼看,v,pos,17
8082,616,舆论,n,pos,1
8085,616,为啥,r,pos,2
8087,616,包容,v,pos,3
8088,616,小张,n,pos,4
8093,616,肯定,v,pos,5
8094,616,第一,m,pos,6
8095,616,时间,n,pos,7
8096,616,甩,v,pos,8
8097,616,锅,n,pos,9
8098,616,撇开,v,pos,10
8099,616,关系,n,pos,11
8104,616,小张,n,pos,12
8105,616,后台,n,pos,13
8106,616,真,d,pos,14
8108,616,硬,a,pos,15
8112,617,大名,m,pos,1
8114,618,实在,v,pos,1
8116,618,事情,n,pos,2
8118,618,坐牢,v,pos,3
8121,618,不错,a,pos,4
8126,618,学业,n,pos,5
8129,618,离谱,n,pos,6
8131,619,活该,v,pos,1
8134,619,回复,v,pos,2
8138,619,出事,v,pos,3
8140,619,几天,m,pos,4
8141,619,憋,zg,pos,5
8142,619,多久,m,pos,6
8143,619,回,v,pos,7
8145,619,公告,n,pos,8
8150,620,儿子,n,pos,1
8152,620,娶,v,pos,2
8153,620,女,n,pos,3
8154,620,学生,n,pos,4
8157,621,学生,n,pos,1
8161,621,投,vn,pos,2
8163,621,企业,n,pos,3
8165,622,楠,n,pos,1
8167,622,全,a,pos,2
8169,622,钕,g,pos,3
8171,623,学校,n,pos,1
8172,623,治学,n,pos,2
8173,623,态度,n,pos,3
8176,623,学校,n,pos,4
8182,623,笑话,n,pos,5
8183,624,男,b,pos,1
8186,624,趴,v,pos,2
8187,624,耳朵,n,pos,3
8188,625,双,m,pos,1
8189,625,留,v,pos,2
8190,625,确实,ad,pos,3
8194,626,群,q,pos,1
8195,626,炒作,v,pos,2
8196,626,狗,n,pos,3
8199,627,局,n,pos,1
8201,627,拒招,v,pos,2
8202,628,最惨,a,pos,1
8205,628,学生,n,pos,2
8207,629,年,m,pos,1
8209,629,龄,ng,pos,2
8210,629,闭嘴,v,pos,3
8213,631,西,nr,pos,1
8216,632,领导,n,pos,1
8218,632,大学,n,pos,2
8220,632,行政级别,n,pos,3
8221,632,化,n,pos,4
8222,632,势在必行,i,pos,5
8224,633,只能,v,pos,1
8227,633,干,v,pos,2
8229,633,漂亮,a,pos,3
8231,634,烂,v,pos,1
8233,634,根,q,pos,2
8234,634,里,f,pos,3
8236,634,央视,j,pos,4
8238,634,报道,v,pos,5
8241,634,巡视组,n,pos,6
8242,634,巡查,vn,pos,7
8246,634,全方位,m,pos,8
8255,634,搜,v,pos,9
8259,635,披著,v,pos,1
8260,635,正義,n,pos,2
8261,635,網暴,n,pos,3
8263,635,徒,n,pos,4
8264,636,额,n,pos,1
8267,636,中央,n,pos,2
8269,636,发言,v,pos,3
8274,636,跟风,v,pos,4
8277,636,不要命,l,pos,5
8279,637,总,b,pos,1
8282,637,轻微,d,pos,2
8288,637,不行,v,pos,3
8291,637,上学,n,pos,4
8293,637,对面,n,pos,5
8294,637,楼用,n,pos,6
8296,637,热得快,a,pos,7
8299,637,留校察看,n,pos,8
8301,637,张薇,nr,pos,9
8302,637,无非,c,pos,10
8304,637,惹怒,v,pos,11
8305,637,全国,n,pos,12
8311,637,热得快,a,pos,13
8318,638,滑,v,pos,1
8319,638,档,n,pos,2
8321,639,逛,v,pos,1
8322,639,短短,z,pos,2
8323,639,分钟,q,pos,3
8327,639,学生,n,pos,4
8329,639,然于,c,pos,5
8330,639,胸,n,pos,6
8334,639,惧内,n,pos,7
8335,639,强外,a,pos,8
8338,639,没理,v,pos,9
8339,639,硬,a,pos,10
8340,639,占,v,pos,11
8343,639,够,zg,pos,12
8348,640,仙女,n,pos,1
8350,640,报读,v,pos,2
8354,640,天,q,pos,3
8356,640,学校,n,pos,4
8357,640,扛着,v,pos,5
8359,640,男,n,pos,6
8360,640,勿扰,l,pos,7
8364,640,开除,v,pos,8
8365,641,自食恶果,i,pos,1
8366,642,好好,d,pos,1
8373,642,规矩,n,pos,2
8374,642,学生,n,pos,3
8375,642,找,v,pos,4
8377,642,租房,n,pos,5
8378,642,租金,n,pos,6
8379,642,押金,n,pos,7
8380,642,翻倍,d,pos,8
8382,643,知错,v,pos,1
8385,643,改,v,pos,2
8396,643,背景,n,pos,3
8399,643,整治,n,pos,4
8400,643,正确,ad,pos,5
8401,643,面前,f,pos,6
8404,643,渣渣,nt,pos,7
8408,643,狂能,v,pos,8
8409,643,狂过,v,pos,9
8410,643,铁拳,n,pos,10
8411,644,保研,v,pos,1
8412,644,保到,v,pos,2
8413,644,嘉里,ns,pos,3
8414,644,顿,q,pos,4
8415,644,大学,n,pos,5
8416,645,年,m,pos,1
8418,645,央视,j,pos,2
8419,645,点评,v,pos,3
8420,645,学校,n,pos,4
8422,646,妹,n,pos,1
8423,646,同学,n,pos,2
8425,646,家里,s,pos,3
8426,646,离异,v,pos,4
8428,646,性格,n,pos,5
8430,646,那种,r,pos,6
8431,646,利己主义,n,pos,7
8434,646,目标,n,pos,8
8436,646,四学,n,pos,9
8438,647,秀,ag,pos,1
8439,648,当年,t,pos,1
8440,648,被央,n,pos,2
8441,648,媒,n,pos,3
8442,648,点名,v,pos,4
8443,648,批评,v,pos,5
8446,648,这间,r,pos,6
8447,648,学校,n,pos,7
8449,649,去年,t,pos,1
8451,649,累死,v,pos,2
8453,649,研究生,n,pos,3
8456,652,总,b,pos,1
8458,652,美分,m,pos,2
8460,652,挑起,v,pos,3
8461,652,名族,n,pos,4
8462,652,内部矛盾,l,pos,5
8464,652,社会,n,pos,6
8465,652,热点,n,pos,7
8467,652,乐此不疲,i,pos,8
8468,652,来回,v,pos,9
8469,652,挑事,v,pos,10
8470,653,最佳,z,pos,1
8471,653,保护伞,n,pos,2
8472,653,组织,v,pos,3
8474,655,一步,m,pos,1
8476,655,在校生,n,pos,2
8477,655,毕业,n,pos,3
8480,655,学校,n,pos,4
8481,655,划清界限,n,pos,5
8483,655,报考,v,pos,6
8484,655,分数线,n,pos,7
8485,655,急转直下,i,pos,8
8487,655,学校,n,pos,9
8488,655,等级,b,pos,10
8489,655,下降,v,pos,11
8491,655,走着瞧,l,pos,12
8492,656,真,d,pos,1
8493,656,烂透,nz,pos,2
8495,656,早点,d,pos,3
8496,656,倒闭,v,pos,4
8499,656,四川人,nz,pos,5
8500,656,抹黑,v,pos,6
8504,657,火,n,pos,1
8505,657,没火,v,pos,2
8507,659,企业,n,pos,1
8508,659,真,d,pos,2
8510,659,抵制,v,pos,3
8516,659,招聘,v,pos,4
8518,659,本质,n,pos,5
8521,659,搞,v,pos,6
8523,659,噱头,n,pos,7
8527,659,立场,n,pos,8
8528,659,宣扬,v,pos,9
8529,659,正,d,pos,10
8530,659,能量,n,pos,11
8532,659,私企,j,pos,12
8533,659,莫名其妙,i,pos,13
8534,659,规矩,n,pos,14
8539,659,生肖,n,pos,15
8542,659,老板,n,pos,16
8543,659,犯冲,vn,pos,17
8546,659,地域,n,pos,18
8547,659,歧视,v,pos,19
8552,659,简历,v,pos,20
8553,659,阶段,n,pos,21
8557,659,筛,v,pos,22
8558,659,罢,v,pos,23
8561,659,告诉,v,pos,24
8564,659,原因,n,pos,25
8575,659,招四学,nt,pos,26
8576,659,任何人,r,pos,27
8577,660,前些年,t,pos,1
8578,660,江苏,ns,pos,2
8579,660,界,n,pos,3
8583,660,跪,v,pos,4
8586,660,轮,zg,pos,5
8588,660,四川,ns,pos,6
8591,660,世仇,n,pos,7
8592,660,变,vn,pos,8
8606,661,面子,n,pos,1
8609,661,级别,n,pos,2
8610,661,高校,n,pos,3
8611,661,校长,n,pos,4
8613,661,相当于,v,pos,5
8614,661,正,d,pos,6
8615,661,部级,n,pos,7
8616,661,干部,n,pos,8
8623,661,小企业,n,pos,9
8624,661,妥协,v,pos,10
8627,662,网,n,pos,1
8628,662,爆得,v,pos,2
8632,662,吓退,v,pos,3
8633,662,剩下,v,pos,4
8634,662,企业,n,pos,5
8635,663,惨,a,pos,1
8637,663,惨,a,pos,2
8639,663,学生,n,pos,3
8641,663,坏,a,pos,4
8643,663,坏,a,pos,5
8645,663,四学,n,pos,6
8647,663,方式,n,pos,7
8649,664,从小红,nr,pos,1
8650,664,书,n,pos,2
8653,664,贴,v,pos,3
8655,664,里,f,pos,4
8658,664,听不懂,v,pos,5
8659,664,话,n,pos,6
8661,664,诋毁,v,pos,7
8663,664,博主,n,pos,8
8666,664,真,d,pos,9
8667,664,一点,m,pos,10
8668,664,底线,n,pos,11
8676,664,尊重,a,pos,12
8680,664,明白,nr,pos,13
8682,664,刷,zg,pos,14
8683,664,两个,m,pos,15
8684,664,帖子,n,pos,16
8688,664,说话,v,pos,17
8689,664,真,d,pos,18
8690,664,恶心,n,pos,19
8691,664,坏,a,pos,20
8695,664,人教,nz,pos,21
8699,664,尊重,a,pos,22
8702,664,真让人,n,pos,23
8705,664,语,n,pos,24
8709,664,现实,n,pos,25
8710,664,里,f,pos,26
8712,664,做,v,pos,27
8716,664,女生,n,pos,28
8717,664,喜欢,v,pos,29
8721,664,说话,v,pos,30
8726,664,真,d,pos,31
8727,664,下头,v,pos,32
8730,665,学生,n,pos,1
8735,665,歧视,v,pos,2
8739,665,维权,n,pos,3
8741,666,河南,ns,pos,1
8742,666,拔,v,pos,2
8743,666,智齿,n,pos,3
8745,667,想着,v,pos,1
8746,667,考,v,pos,2
8749,667,后悔,v,pos,3
8751,667,感谢,v,pos,4
8752,667,提前,v,pos,5
8755,667,一年,m,pos,6
8757,667,选择,v,pos,7
8758,667,机会,n,pos,8
8762,668,第一次,m,pos,1
8767,668,学校,n,pos,2
8768,668,领导,n,pos,3
8771,668,睡服,v,pos,4
8777,668,公司,n,pos,5
8778,668,埋雷,v,pos,6
8779,669,有没有,v,pos,1
8781,669,高层,n,pos,2
8786,669,苦肉计,i,pos,3
8789,669,激发,v,pos,4
8790,669,社会,n,pos,5
8791,669,矛盾,an,pos,6
8795,669,恶名,a,pos,7
8796,669,诱发,v,pos,8
8797,669,全网,n,pos,9
8798,669,整治,n,pos,10
8803,670,四川,ns,pos,1
8804,670,党员,n,pos,2
8805,670,影响,vn,pos,3
8807,672,这年头,l,pos,1
8808,672,碰,v,pos,2
8809,672,瓷,ng,pos,3
8810,672,真多,d,pos,4
8812,672,打广告,l,pos,5
8814,672,不用,v,pos,6
8816,672,广告费,n,pos,7
8819,673,男,n,pos,1
8821,673,现实,n,pos,2
8822,673,里,f,pos,3
8824,673,唯唯诺诺,l,pos,4
8826,673,网络,n,pos,5
8829,673,重拳出击,i,pos,6
8832,673,本校,r,pos,7
8833,673,女生,n,pos,8
8834,673,看不起,v,pos,9
8836,673,搁,v,pos,10
8839,673,看得起,v,pos,11
8840,674,建议,n,pos,1
8842,674,招生,v,pos,2
8843,674,从小红,nr,pos,3
8844,674,书,n,pos,4
8846,674,微博招,j,pos,5
8847,676,厕所,n,pos,1
8850,677,哈哈哈,o,pos,1
8854,678,践行,v,pos,1
8855,678,企业,n,pos,2
8856,678,责任,n,pos,3
8858,679,懂,v,pos,1
8860,679,闹,v,pos,2
8861,679,这么久,r,pos,3
8865,679,郭嘉,nr,pos,4
8868,679,派,v,pos,5
8869,679,巡查,vn,pos,6
8870,679,组,zg,pos,7
8872,679,彻查,vn,pos,8
8875,679,只能,v,pos,9
8877,679,川,j,pos,10
8878,679,黛,ng,pos,11
8880,679,手,n,pos,12
8881,679,确实,ad,pos,13
8882,679,厉害,a,pos,14
8884,680,雷霆,nr,pos,1
8885,680,手段,n,pos,2
8887,680,方显,a,pos,3
8888,680,菩萨心肠,n,pos,4
8892,681,公司,n,pos,1
8897,681,仙女,n,pos,2
8901,681,维护,v,pos,3
8902,681,下小,v,pos,4
8903,681,仙女,n,pos,5
8904,681,利益,n,pos,6
8905,682,真,d,pos,1
8906,682,丢脸,v,pos,2
8908,683,啥时候,r,pos,1
8910,683,沙袋,n,pos,2
8914,683,一块,m,pos,3
8915,683,封,q,pos,4
8916,684,幸好,a,pos,1
8918,684,科技,n,pos,2
8919,684,大学,n,pos,3
8922,684,四川大学,nt,pos,4
8923,684,脸,n,pos,5
8925,684,真,d,pos,6
8927,685,为啥,r,pos,1
8929,685,招,v,pos,2
8932,685,龟成,v,pos,3
8935,685,肯定,v,pos,4
8936,685,招,v,pos,5
8937,685,男生,n,pos,6
8941,685,狠狠,d,pos,7
8942,685,驯化,v,pos,8
8944,686,支持,v,pos,1
8945,686,支持,v,pos,2
8947,687,语,ng,pos,1
8948,688,培训基地,nz,pos,1
8949,689,榛蘑,nz,pos,1
8953,689,福气,n,pos,2
8955,691,新,a,pos,1
8956,691,游戏,n,pos,2
8957,691,纳亚,nr,pos,3
8958,691,菲利,ns,pos,4
8962,691,汪汪,nr,pos,5
8963,691,队,n,pos,6
8964,691,队友,n,pos,7
8969,692,贴,v,pos,1
8971,692,平均,a,pos,2
8972,692,学历,n,pos,3
8973,692,达,v,pos,4
8978,692,咸,a,pos,5
8979,692,吃,v,pos,6
8980,692,萝卜,n,pos,7
8981,692,淡,a,pos,8
8982,692,操心,v,pos,9
8986,692,网络,n,pos,10
8988,692,逼,v,pos,11
8989,692,逼,v,pos,12
8990,692,俩句,m,pos,13
8992,692,学校,n,pos,14
8993,692,学生,n,pos,15
8995,692,找,v,pos,16
8996,692,不到,v,pos,17
8997,692,工作,vn,pos,18
9000,692,能力,n,pos,19
9005,692,没人要,l,pos,20
9010,692,网上,s,pos,21
9011,692,听到,v,pos,22
9012,692,谣言,n,pos,23
9014,692,信,v,pos,24
9018,692,眼看,v,pos,25
9020,692,猪,n,pos,26
9021,692,网民,n,pos,27
9022,692,评论,n,pos,28
9026,695,希望,v,pos,1
9033,695,导致,v,pos,2
9037,695,正确对待,n,pos,3
9047,697,预言,v,pos,1
9048,697,第二天,m,pos,2
9050,697,复联,nt,pos,3
9051,697,找上门,v,pos,4
9052,698,和稀泥,nr,pos,1
9053,698,下场,n,pos,2
9055,699,足球队,n,pos,1
9057,699,成体,n,pos,2
9059,699,满脸,d,pos,3
9060,699,血,n,pos,4
9064,699,帮,v,pos,5
9065,699,说说话,l,pos,6
9070,699,想,v,pos,7
9072,699,活该,v,pos,8
9073,699,挨,v,pos,9
9074,699,成体,n,pos,10
9077,699,队友,n,pos,11
9080,699,怂,vg,pos,12
9081,699,包,v,pos,13
9083,699,打完,v,pos,14
9085,699,体育,vn,pos,15
9086,699,生,v,pos,16
9087,699,坐,v,pos,17
9089,699,大巴,n,pos,18
9091,699,走,v,pos,19
9093,699,连人,n,pos,20
9095,699,拦,v,pos,21
9099,699,反正,d,pos,22
9101,699,全,a,pos,23
9103,699,保安,nz,pos,24
9105,699,学生,n,pos,25
9106,699,早,a,pos,26
9107,699,干嘛,n,pos,27
9113,699,坐,v,pos,28
9115,699,大巴,n,pos,29
9117,699,外,f,pos,30
9118,699,开,v,pos,31
9120,699,赶上去,v,pos,32
9123,699,学校,n,pos,33
9124,699,保安,nz,pos,34
9129,699,鸟,n,pos,35
9132,699,学校,n,pos,36
9135,699,抽象,v,pos,37
9140,700,招,v,pos,1
9141,700,不到,v,pos,2
9142,700,学生,n,pos,3
9144,700,学生,n,pos,4
9146,700,毕业,n,pos,5
9148,700,失业,n,pos,6
9151,701,张,q,pos,1
9153,701,男,n,pos,2
9155,702,开除,v,pos,1
9157,702,身上,s,pos,2
9158,702,有人,r,pos,3
9159,703,张威,nr,pos,1
9162,703,老师,n,pos,2
9163,703,领导,n,pos,3
9165,703,巧克力,nr,pos,4
9166,703,棒,a,pos,5
9167,703,吃,v,pos,6
9168,703,遍,q,pos,7
9169,704,男,n,pos,1
9171,704,开除,v,pos,2
9173,704,女,b,pos,3
9175,704,特权,n,pos,4
9177,705,君子,n,pos,1
9179,705,立于,d,pos,2
9180,705,危墙,n,pos,3
9181,705,之下,f,pos,4
9183,705,防祸于先而,i,pos,5
9184,705,不致于,v,pos,6
9186,705,伤情,n,pos,7
9187,706,遥想,v,pos,1
9188,706,当年,t,pos,2
9190,706,川军,nr,pos,3
9191,706,何其,c,pos,4
9192,706,勇猛,a,pos,5
9193,707,假设,vn,pos,1
9196,707,在座,v,pos,2
9198,707,老板,n,pos,3
9200,707,公司,n,pos,4
9201,707,高管,n,pos,5
9202,707,怕不怕,a,pos,6
9204,707,张女士,nr,pos,7
9206,707,下属,v,pos,8
9211,708,聘用,v,pos,1
9212,708,张女士,nr,pos,2
9214,708,死,v,pos,3
9215,708,保女,n,pos,4
9216,708,诬为,v,pos,5
9217,708,荣,n,pos,6
9218,708,学校,n,pos,7
9219,708,学生,n,pos,8
9222,708,老板,n,pos,9
9224,708,高管,n,pos,10
9227,708,勇士,n,pos,11
9229,709,老板,n,pos,1
9231,709,高,a,pos,2
9235,709,招进来,l,pos,3
9237,709,小慧君,nr,pos,4
9239,709,女,b,pos,5
9240,709,诬,v,pos,6
9242,709,公司,n,pos,7
9246,709,搞,v,pos,8
9247,709,破产,v,pos,9
9252,710,死,v,pos,1
9253,710,保女,n,pos,2
9254,710,诬,v,pos,3
9256,710,含,v,pos,4
9257,710,诬,vg,pos,5
9258,710,量,n,pos,6
9260,710,高,a,pos,7
9262,710,低,a,pos,8
9265,711,张,q,pos,1
9266,711,某人,r,pos,2
9268,711,抓住,v,pos,3
9271,711,把柄,n,pos,4
9273,712,优秀党员,n,pos,1
9274,712,代表,n,pos,2
9276,712,张薇,nr,pos,3
9278,712,像是,v,pos,4
9279,712,冰山,ns,pos,5
9281,712,一个角,m,pos,6
9282,713,没事,v,pos,1
9284,713,学生,n,pos,2
9285,713,瞧不起,v,pos,3
9287,713,公司,n,pos,4
9291,713,公司,n,pos,5
9292,713,招,v,pos,6
9296,714,企业,n,pos,1
9299,714,注重,v,pos,2
9300,714,人品,n,pos,3
9304,714,能力,n,pos,4
9306,714,名气,n,pos,5
9309,714,首选,v,pos,6
9311,714,人品,n,pos,7
9312,714,不行,v,pos,8
9314,714,能力,n,pos,9
9316,714,强,a,pos,10
9318,714,养,v,pos,11
9319,714,不熟,a,pos,12
9323,715,初中,f,pos,1
9325,715,女同学,n,pos,2
9327,715,男同学,n,pos,3
9328,715,泼,v,pos,4
9329,715,开水,v,pos,5
9330,715,导致,v,pos,6
9331,715,毁容,v,pos,7
9334,715,不知,v,pos,8
9336,715,男,n,pos,9
9337,715,住院,n,pos,10
9339,715,女,b,pos,11
9341,715,上学,n,pos,12
9344,717,大学,n,pos,1
9345,717,肯定,v,pos,2
9347,717,不行,v,pos,3
9349,718,学校,n,pos,1
9356,718,后果,n,pos,2
9358,719,没出息,l,pos,1
9359,719,早,a,pos,2
9362,719,图图,n,pos,3
9363,720,杀一儆百,i,pos,1
9367,721,放在心里,i,pos,1
9372,721,高高,a,pos,2
9373,721,举起,v,pos,3
9374,722,四川人,nz,pos,1
9376,722,耙,n,pos,2
9377,722,耳朵,n,pos,3
9378,722,多一点,m,pos,4
9381,722,估计,v,pos,5
9383,722,女,b,pos,6
9384,722,男朋友,n,pos,7
9386,722,校领导,n,pos,8
9388,722,校领导,n,pos,9
9389,722,耙,n,pos,10
9390,722,耳朵,n,pos,11
9391,723,懂不懂,v,pos,1
9392,723,央视,j,pos,2
9393,723,含金量,n,pos,3
9395,724,互联网,n,pos,1
9397,724,记忆,n,pos,2
9400,725,受伤,v,pos,1
9401,725,连带,n,pos,2
9402,725,男生,n,pos,3
9408,726,抄底,n,pos,1
9409,727,男,b,pos,1
9410,727,开女,n,pos,2
9411,727,保,v,pos,3
9413,727,火速,n,pos,4
9414,727,报考,v,pos,5
9417,728,服务,vn,pos,1
9418,729,越网,nz,pos,1
9419,729,暴越,v,pos,2
9420,729,没人,v,pos,3
9421,729,招,v,pos,4
9423,730,法律,n,pos,1
9425,730,人心,n,pos,2
9428,731,难,a,pos,1
9430,731,支持,v,pos,2
9431,732,害群之马,i,pos,1
9432,732,赶紧,d,pos,2
9433,732,赶出去,v,pos,3
9437,732,一颗,m,pos,4
9438,732,老鼠屎,n,pos,5
9439,732,坏,a,pos,6
9440,732,一锅粥,l,pos,7
9441,733,四川,ns,pos,1
9442,733,基本操作,n,pos,2
9443,734,聚集地,n,pos,1
9444,734,罢,v,pos,2
9446,735,女儿,n,pos,1
9447,735,年,m,pos,2
9450,735,敢报,n,pos,3
9453,735,打断,v,pos,4
9455,735,腿,n,pos,5
9459,735,带坏,v,pos,6
9460,736,四川,ns,pos,1
9463,736,耙,n,pos,2
9464,736,耳朵,n,pos,3
9467,736,没想到,l,pos,4
9469,736,大学,n,pos,5
9473,736,耙,n,pos,6
9474,736,耳朵,n,pos,7
9475,737,幸好,a,pos,1
9476,737,高考,v,pos,2
9477,737,志愿,n,pos,3
9479,737,没报,v,pos,4
9480,737,山,n,pos,5
9481,737,大二,m,pos,6
9482,737,没报,v,pos,7
9484,737,幸好,a,pos,8
9485,737,没报,v,pos,9
9488,737,侮辱,v,pos,10
9491,737,张,q,pos,11
9492,737,志愿,n,pos,12
9494,738,好人,n,pos,1
9498,738,枪,n,pos,2
9499,738,指着,v,pos,3
9500,739,可惜,v,pos,1
9504,739,打工,v,pos,2
9508,739,老板,n,pos,3
9511,739,不收,v,pos,4
9513,739,到时候,l,pos,5
9515,739,老板,n,pos,6
9516,739,网暴,n,pos,7
9518,739,真,d,pos,8
9519,739,笑嘻,z,pos,9
9521,740,法律,n,pos,1
9522,740,吃饭,v,pos,2
9523,740,律,nr,pos,3
9526,740,顶不住,v,pos,4
9527,740,学生,n,pos,5
9530,740,网暴,n,pos,6
9532,740,更何况,l,pos,7
9533,740,地铁,n,pos,8
9536,740,大叔,n,pos,9
9538,740,侧面,f,pos,10
9539,740,证明,n,pos,11
9540,740,治学,n,pos,12
9541,740,不正,d,pos,13
9542,740,现象,n,pos,14
9546,741,四川,ns,pos,1
9547,741,男人,n,pos,2
9548,741,耙,n,pos,3
9549,741,耳朵,n,pos,4
9551,741,没想到,l,pos,5
9552,741,四学,n,pos,6
9554,741,耙,n,pos,7
9555,741,耳朵,n,pos,8
9557,742,央视,j,pos,1
9558,742,当初,t,pos,2
9561,742,学校,n,pos,3
9564,742,校风,n,pos,4
9565,742,骂,v,pos,5
9567,742,学术,n,pos,6
9570,742,校长,n,pos,7
9571,742,骂,v,pos,8
9573,742,后勤,n,pos,9
9575,743,公司,n,pos,1
9577,743,想要,v,pos,2
9581,743,不行,v,pos,3
9586,744,确,d,pos,1
9587,744,违反,v,pos,2
9588,744,劳动法,n,pos,3
9591,745,某人,r,pos,1
9592,745,手里,s,pos,2
9597,745,把柄,n,pos,3
9603,745,邪恶,a,pos,4
9604,745,论题,n,pos,5
9605,746,蛇鼠,n,pos,1
9607,746,窝,n,pos,2
9609,746,全,a,pos,3
9610,746,中国,ns,pos,4
9613,747,不不不,l,pos,1
9619,747,严惩,v,pos,2
9623,747,热度,n,pos,3
9625,747,高,a,pos,4
9627,747,热,n,pos,5
9628,747,度过,v,pos,6
9630,747,没什么,l,pos,7
9631,747,事情,n,pos,8
9635,747,风气,n,pos,9
9636,747,慢慢,d,pos,10
9637,747,变低,v,pos,11
9639,747,趋势,n,pos,12
9644,747,漂亮,a,pos,13
9645,747,国,n,pos,14
9646,747,那种,r,pos,15
9647,747,群魔乱舞,i,pos,16
9648,747,样子,n,pos,17
9653,747,稀奇,a,pos,18
9659,747,信仰,n,pos,19
9661,748,弟,n,pos,1
9663,748,想,v,pos,2
9664,748,报,n,pos,3
9666,748,打开,v,pos,4
9667,748,抖,v,pos,5
9668,748,音,n,pos,6
9670,748,沉默,a,pos,7
9672,749,公司,n,pos,1
9675,749,明文,nr,pos,2
9676,749,发表,v,pos,3
9678,749,不收,v,pos,4
9680,749,学校,n,pos,5
9681,749,学生,n,pos,6
9687,749,百害无一利,i,pos,7
9692,749,优秀,a,pos,8
9695,749,这件,mq,pos,9
9696,749,事,n,pos,10
9698,749,肯定,v,pos,11
9700,749,筛选,v,pos,12
9701,749,掉,v,pos,13
9704,749,真,d,pos,14
9706,749,全,a,pos,15
9707,749,中国,ns,pos,16
9711,749,重本,a,pos,17
9713,750,榨干,n,pos,1
9715,750,剩余价值,l,pos,2
9718,750,价值,n,pos,3
9720,750,提供,v,pos,4
9721,750,价值,n,pos,5
9722,751,学生,n,pos,1
9724,751,搞,v,pos,2
9725,751,罪魁祸首,i,pos,3
9728,751,外边,f,pos,4
9729,751,批评,v,pos,5
9731,751,硬气,n,pos,6
9735,751,大学,n,pos,7
9736,751,培养,v,pos,8
9740,751,废物,n,pos,9
9747,752,听,v,pos,1
9749,752,没听说过,l,pos,2
9750,752,公司,n,pos,3
9752,752,发,v,pos,4
9754,752,声明,n,pos,5
9757,752,锤子,n,pos,6
9763,752,声明,n,pos,7
9765,752,这辈子,l,pos,8
9770,752,野鸡,n,pos,9
9771,752,公司,n,pos,10
9772,752,上班,v,pos,11
9776,753,学校,n,pos,1
9778,753,学生,n,pos,2
9779,754,蹭,v,pos,1
9780,754,热度,n,pos,2
9783,754,垃圾,n,pos,3
9784,754,公司,n,pos,4
9785,754,听,v,pos,5
9788,754,听,v,pos,6
9791,754,看得,v,pos,7
9794,756,男,n,pos,1
9795,756,重拳出击,i,pos,2
9797,756,女,b,pos,3
9800,756,包庇,v,pos,4
9805,757,招,v,pos,1
9809,757,招满,v,pos,2
9813,758,胡说八道,i,pos,1
9814,758,为首,v,pos,2
9815,758,一众大,j,pos,3
9816,758,还给,v,pos,4
9817,758,洗,v,pos,5
9820,759,可怜,v,pos,1
9822,759,无辜,n,pos,2
9823,759,学生,n,pos,3
9825,759,校领导,n,pos,4
9827,759,不准,v,pos,5
9829,759,调职,vn,pos,6
9833,759,无辜,n,pos,7
9834,759,学生,n,pos,8
9838,759,影响,vn,pos,9
9842,760,大部分,m,pos,1
9843,760,公司,n,pos,2
9845,760,明,a,pos,3
9849,761,一路,m,pos,1
9850,761,绿牌,n,pos,2
9852,762,奇怪,v,pos,1
9856,762,学生,n,pos,2
9858,762,难,a,pos,3
9868,763,公司,n,pos,1
9873,763,会计师,n,pos,2
9874,763,事务所,n,pos,3
9877,763,外资,n,pos,4
9878,763,四大,j,pos,5
9881,763,内资,n,pos,6
9882,763,八大,j,pos,7
9884,763,剩下,v,pos,8
9886,763,算,v,pos,9
9888,763,事务所,n,pos,10
9890,763,晏清,nr,pos,11
9895,763,律,nr,pos,12
9896,763,所界,n,pos,13
9897,763,相当于,v,pos,14
9898,763,内资,n,pos,15
9899,763,八大,j,pos,16
9900,763,级别,n,pos,17
9902,763,真,d,pos,18
9905,763,公司,n,pos,19
9909,763,别以为,nr,pos,20
9910,763,注册,v,pos,21
9911,763,四个,m,pos,22
9916,763,四个,m,pos,23
9920,763,相当于,v,pos,24
9921,763,股东,n,pos,25
9923,763,剩下,v,pos,26
9925,763,律,nr,pos,27
9926,763,协,n,pos,28
9927,763,注册,v,pos,29
9929,763,外加,v,pos,30
9930,763,一帮,m,pos,31
9931,763,打杂,v,pos,32
9933,763,事务所,n,pos,33
9935,763,普通人,n,pos,34
9936,763,想象,n,pos,35
9937,763,中,f,pos,36
9938,763,有限公司,n,pos,37
9939,764,尊敬,v,pos,1
9940,764,楼主,n,pos,2
9941,764,您好,l,pos,3
9942,765,感谢您,l,pos,1
9943,765,分享,v,pos,2
9949,765,描述,v,pos,3
9952,765,理解,v,pos,4
9955,765,询问,v,pos,5
9958,765,咨询,vn,pos,6
9967,766,建议您,nr,pos,1
9968,766,提供,v,pos,2
9972,766,背景,n,pos,3
9974,766,细节,n,pos,4
9975,766,信息,n,pos,5
9979,766,更好,d,pos,6
9981,766,理解,v,pos,7
9982,766,情况,n,pos,8
9984,766,给予,v,pos,9
9986,766,建议,n,pos,10
9992,766,导致,v,pos,11
9998,766,责任人,n,pos,12
10001,766,涉,v,pos,13
10006,766,信息,n,pos,14
10008,766,有助于,v,pos,15
10010,766,给出,v,pos,16
10012,766,准确,a,pos,17
10013,766,答复,v,pos,18
10016,767,常规,n,pos,1
10017,767,法律,n,pos,2
10018,767,原则,n,pos,3
10024,767,证据,n,pos,4
10029,767,过失,v,pos,5
10038,767,有权,n,pos,6
10042,767,赔偿,v,pos,7
10044,767,恢复,v,pos,8
10048,767,标准,n,pos,9
10050,767,程序,n,pos,10
10052,767,依赖于,v,pos,11
10054,767,法律法规,n,pos,12
10057,767,相关,v,pos,13
10058,767,政策,n,pos,14
10060,768,建议您,nr,pos,1
10061,768,咨询,vn,pos,2
10062,768,专业,n,pos,3
10063,768,法律,n,pos,4
10065,768,保险机构,n,pos,5
10071,768,具体情况,l,pos,6
10072,768,给予,v,pos,7
10075,768,建议,n,pos,8
10077,768,指导,n,pos,9
10080,768,确保您,l,pos,10
10081,768,合法权益,n,pos,11
10083,768,保护,v,pos,12
10085,769,希望,v,pos,1
10088,769,提供,v,pos,2
10089,769,信息,n,pos,3
10102,769,请,v,pos,4
10106,769,咨询,vn,pos,5
10108,770,祝您,nr,pos,1
10109,770,一切顺利,i,pos,2
10112,771,老哥,n,pos,1
10113,771,简历,v,pos,2
10114,771,写,v,pos,3
10115,771,毕业,n,pos,4
10117,771,应聘,v,pos,5
10119,771,试试,vn,pos,6
10120,771,水,n,pos,7
10122,772,上梁不正下梁歪,i,pos,1
10123,773,四川,ns,pos,1
10124,773,学校,n,pos,2
10127,774,发生,v,pos,1
10129,774,事,n,pos,2
10131,776,上上,t,pos,1
10133,776,寂寞,a,pos,2
10136,776,毕业,n,pos,3
10146,776,屁,n,pos,4
10150,777,公司,n,pos,1
10153,777,容不下,i,pos,2
10155,777,大佛,d,pos,3
10158,778,男,n,pos,1
10160,778,男女,n,pos,2
10161,778,咸钕,nr,pos,3
10164,779,奇怪,v,pos,1
10166,779,北京,ns,pos,2
10168,779,律,nr,pos,3
10171,779,网,n,pos,4
10172,779,暴到,v,pos,5
10173,779,撤下,v,pos,6
10174,779,通知,v,pos,7
10177,779,贴,v,pos,8
10179,779,抖,v,pos,9
10180,779,音,n,pos,10
10181,779,哔站,n,pos,11
10184,779,水军,n,pos,12
10185,779,洗,v,pos,13
10187,780,小企业,n,pos,1
10188,780,反正,d,pos,2
10190,780,看不上,v,pos,3
10192,780,蹭,v,pos,4
10194,780,热度,n,pos,5
10196,780,完事,v,pos,6
10197,782,有人,r,pos,1
10200,782,事务所,n,pos,2
10204,782,公司,n,pos,3
10205,782,蹭,v,pos,4
10206,782,热度,n,pos,5
10212,782,公司,n,pos,6
10214,782,拒,vg,pos,7
10215,782,招,n,pos,8
10216,782,毕业,n,pos,9
10218,782,不明说,l,pos,10
10221,782,学校,n,pos,11
10223,782,处理结果,n,pos,12
10224,782,太,d,pos,13
10226,782,担当,v,pos,14
10228,783,盘,q,pos,1
10229,783,崩,v,pos,2
10233,783,因小失大,i,pos,3
10234,783,典范,n,pos,4
10237,785,至少,d,pos,1
10240,785,美,j,pos,2
10241,785,封杀,v,pos,3
10245,785,硬,a,pos,4
10246,785,实力,n,pos,5
10249,786,百年老,n,pos,1
10250,786,校,ng,pos,2
10252,786,腐朽,a,pos,3
10253,786,根,q,pos,4
10260,786,失望,v,pos,5
10262,787,毕业生,n,pos,1
10266,787,川,j,pos,2
10268,787,工作,vn,pos,3
10270,787,影响,vn,pos,4
10273,788,男生,n,pos,1
10276,788,报,n,pos,2
10278,788,女生,n,pos,3
10279,788,赶紧,d,pos,4
10280,788,报,n,pos,5
10282,788,穿,v,pos,6
10288,788,女子,n,pos,7
10289,788,学院,n,pos,8
10293,788,贵族,n,pos,9
10294,788,学院,n,pos,10
10301,789,男,n,pos,1
10303,789,开除,v,pos,2
10305,789,女能,n,pos,3
10306,789,捂,v,pos,4
10308,789,捂,v,pos,5
10309,790,堵不如疏,nr,pos,1
10311,790,大众,n,pos,2
10312,790,舆情,n,pos,3
10314,790,悠悠,z,pos,4
10315,790,众口,n,pos,5
10318,790,想着,v,pos,6
10319,790,赢,v,pos,7
10323,791,天堂,n,pos,1
10325,792,社会,n,pos,1
10328,792,女,b,pos,2
10329,792,犯错,v,pos,3
10330,792,代价,n,pos,4
10332,792,低,a,pos,5
10335,792,犯罪,vn,pos,6
10339,792,包庇,v,pos,7
10341,792,女,b,pos,8
10342,792,偷东西,i,pos,9
10343,792,保研,n,pos,10
10344,792,男,b,pos,11
10346,792,开除,v,pos,12
10348,792,女,b,pos,13
10349,792,诽谤,v,pos,14
10350,792,污蔑,vn,pos,15
10351,792,一帮人,n,pos,16
10354,792,洗白,v,pos,17
10355,792,开脱,v,pos,18
10358,792,中国,ns,pos,19
10359,792,男人,n,pos,20
10360,792,地位,n,pos,21
10362,792,战争,n,pos,22
10364,792,抬高,v,pos,23
10367,793,堂堂,n,pos,1
10368,793,九八,m,pos,2
10369,793,五里,m,pos,3
10371,793,学霸,n,pos,4
10375,793,罢,v,pos,5
10378,793,校领导,n,pos,6
10379,793,害,v,pos,7
10381,793,坏名声,n,pos,8
10382,794,男,n,pos,1
10383,794,学生,n,pos,2
10385,794,招,v,pos,3
10386,795,兄弟,n,pos,1
10390,795,更新,d,pos,2
10400,795,偷拍,v,pos,3
10406,795,诬告者,n,pos,4
10411,795,想来,v,pos,5
10412,795,一场,m,pos,6
10413,795,公平,n,pos,7
10414,795,决斗,v,pos,8
10416,795,啪,o,pos,9
10417,795,劈,v,pos,10
10418,795,蹦,v,pos,11
10419,795,哒,o,pos,12
10425,796,女,b,pos,1
10427,796,天堂,n,pos,2
10428,797,互联网,n,pos,1
10429,797,记忆力,n,pos,2
10432,798,支持,v,pos,1
10435,798,推掉,v,pos,2
10437,799,真,d,pos,1
10438,799,小丑,nr,pos,2
10440,800,女,b,pos,1
10443,800,党员,n,pos,2
10447,800,校规,n,pos,3
10448,800,开除党籍,n,pos,4
10450,801,杞人忧天,i,pos,1
10454,802,事件,n,pos,1
10455,802,当事人,n,pos,2
10457,802,校方,n,pos,3
10458,802,管理层,n,pos,4
10459,802,错,v,pos,5
10465,802,大部分,m,pos,6
10467,802,在读,v,pos,7
10468,802,学生,n,pos,8
10472,802,特别,d,pos,9
10474,802,应届,v,pos,10
10475,802,毕业生,n,pos,11
10480,802,估计,v,pos,12
10484,802,领导,n,pos,13
10485,802,祖宗,nr,pos,14
10486,802,十八代,m,pos,15
10487,802,问候,n,pos,16
10489,802,遍,q,pos,17
10491,804,公司,n,pos,1
10493,804,差,a,pos,2
10495,804,情况,n,pos,3
10499,804,排除,v,pos,4
10501,804,类,q,pos,5
10502,804,减少,v,pos,6
10503,804,筛选,v,pos,7
10504,804,成本,n,pos,8
10511,804,工资,vn,pos,9
10515,804,少,a,pos,10
10523,805,进,v,pos,1
10524,805,系统,n,pos,2
10529,805,找,v,pos,3
10531,805,公司,n,pos,4
10537,805,父母官,n,pos,5
10539,805,小心,n,pos,6
10540,805,一点,m,pos,7
10541,808,领导班子,n,pos,1
10542,808,一项,m,pos,2
10543,808,恶臭,a,pos,3
10545,808,想,v,pos,4
10546,808,搞,v,pos,5
10547,808,嫩,a,pos,6
10548,808,学生,n,pos,7
10549,809,力,n,pos,1
10551,809,传媒界,n,pos,2
10552,809,光哥,n,pos,3
10555,809,先,d,pos,4
10557,809,粉,n,pos,5
10559,810,劳资,vn,,1
10560,810,蜀道,ns,,2
10561,810,山,n,,3
